GEOID,county,v001_rawvalue,v002_rawvalue,v003_rawvalue,v004_rawvalue,v005_rawvalue,v009_rawvalue,v011_rawvalue,v014_rawvalue,v015_rawvalue,v021_rawvalue,v023_rawvalue,v024_rawvalue,v036_rawvalue,v037_rawvalue,v039_rawvalue,v042_rawvalue,v044_rawvalue,v045_rawvalue,v049_rawvalue,v050_rawvalue,v051_rawvalue,v052_rawvalue,v053_rawvalue,v054_rawvalue,v055_rawvalue,v056_rawvalue,v057_rawvalue,v058_rawvalue,v059_rawvalue,v060_rawvalue,v061_rawvalue,v062_rawvalue,v063_rawvalue,v065_rawvalue,v067_rawvalue,v069_rawvalue,v070_rawvalue,v080_rawvalue,v081_rawvalue,v082_rawvalue,v083_rawvalue,v085_rawvalue,v088_rawvalue,v122_rawvalue,v124_rawvalue,v125_rawvalue,v126_rawvalue,v127_rawvalue,v128_rawvalue,v129_rawvalue,v131_rawvalue,v132_rawvalue,v133_rawvalue,v134_rawvalue,v135_rawvalue,v136_rawvalue,v137_rawvalue,v138_rawvalue,v139_rawvalue,v140_rawvalue,v141_rawvalue,v143_rawvalue,v144_rawvalue,v145_rawvalue,v147_rawvalue,v148_rawvalue,v149_rawvalue,v151_rawvalue,v153_rawvalue,v154_rawvalue,v155_rawvalue,v156_rawvalue,v158_rawvalue,v159_rawvalue,v160_rawvalue,v161_rawvalue,v166_rawvalue,v167_rawvalue,v168_rawvalue,v169_rawvalue,v170_rawvalue,v171_rawvalue,v172_rawvalue,v177_rawvalue,v178_rawvalue,n_schools,avg_tt_SERV10,avg_tt_SERV22,avg_tt_SERV50,avg_tt_SERV52,avg_tt_SERV56,avg_tt_SERV57,avg_tt_SERV58,avg_tt_SERV59,avg_tt_SERV80
51119,Middlesex County,13188.5380386534,16.1,12.3366927958193,37.1023096187737,2334,16.9,36.5,20.3951561504142,NA,87.5,2.74694261523988,20,3.7683094524,8.75796178343949,22.7382162538119,5.1316587786,4.33780212081648,259.7,15.020138137,51,10943,16.0376496390386,33.0896463492643,15.2243443297084,0.58484876176551,3.25322123732066,50.3335465594444,100,0.55013994788147,9.7,177.5,82.2443571232751,68881,48.5024958402662,72.3461798512508,55.5145118733509,23,0.0639678333181,0.57571049986292,31.504424778761,0.2705239050782,11.3675213675213,45.6913095129306,8.39520274129069,1,7.1,77.7117792195924,540.497809698737,NA,NA,63.9678333181029,39.2564705882353,9.2,25,123.641813413263,13.9559286463798,43.1,NA,7.9,15.7684815879788,27.9796243589119,35,11,16.8,74.0062047979158,22.4803297115024,NA,0.79174388027038,84.3445057276198,9.82162045991833,49,1.5258622002434,20,2.787600015,NA,30.6651068096171,77.2380144251166,0.0075924673882,89.3939393939394,-4504.705,NA,23.5478578998562,10.4166666666666,76.3646595385481,46.1,3,20.244427613728448,50.61861712928491,91.21258676111465,54.434237887841796,41.2244672766169,NA,173.41830613180105,NA,90.0417323893646
51131,Northampton County,12784.6249364739,18.6,13.1115775875989,107.57136946628,1620,17.2,37.3,26.431718061674,NA,87.5,3.5043352601156,30.4,3.9689450087,9.81912144702842,25.1970771390518,5.0557584433,5.67907346004763,579.2,13.233213232,52,11900,18.1848739495798,29.4873949579831,30.1932773109243,0.47899159663865,9.70588235294117,52.3277310924369,100,1.64868364264134,11.5,380.2,117.647058823529,52783,88.074074074074,69.8969072164948,56.5404475043029,25.9,0.21848739495798,1.05882352941176,31.1800172265288,3.8784003423e-4,11.9101660494564,142.857142857142,8.55148342059337,0,6.6,56.8403361344537,566.276386031725,NA,NA,134.453781512605,46.5640775118059,8.4,36.8421052631578,104.997544412267,10.5825242718446,30.1,31.0138716589601,11.5,11.5846090194455,15.1678884437808,37.3,11.7,16.9,73.9078094027379,16.9350878084302,NA,0.86550946885776,64.315119760479,9.68459361099878,50,23.0039818569895,29,3.095246182,NA,15.2869453428834,81.5119760479041,0.00323986671097,86.8848857644991,-14058.12,NA,34.2742928594433,11.705685618729,72.9360780065005,43.9,6,33.30101644712376,58.48406156431106,68.04037991736062,93.51072330702385,124.14248950428257,NA,243.43715192536044,NA,67.77753268103116
51117,Mecklenburg County,11868.3071867344,19,11.9699812382739,56.2020629463105,3023,19.5,40.2,22.8770131771595,7.91349157213147,88,3.58587014572365,32.9,4.0020644046,9.5581171950048,27.9299702545816,4.9910201581,5.59544713737448,509.1,13.407355905,45,30508,18.2280057689786,27.1502556706437,32.5783401075127,0.42283991084305,3.30077356758883,50.9899042874,83.2580230218674,0.46421395413289,12.2,269.9,111.446178051658,52092,73.8816337871631,82.8892691273527,59.53171966461,27.5,0.0786678903894,1.10135046545168,37.3922413793103,9.54730400066509,10.3125584877409,29.5004588960272,5.53992261695392,0,8,60.8168349285433,526.101106078958,84.4356881508584,11.031175059952,127.835321882784,55.7142385962598,7.5,18.3673469387755,117.762512266928,12.6515763945028,35.9,30.5964114780252,11.3,15.8688177730759,25.4705856054311,38.2,12.3,17.7,73.9021704547304,22.2440300948642,NA,0.72667714884696,70.8752013500038,12.2699386503067,49,8.1253500370462,28.076923076923,3.228096176,NA,22.0408045967137,70.3075861010968,0.02477409771036,86.4812362030905,-4164.504,NA,22.7539737387698,7.06940874035989,66.2456570611077,49.6,6,17.549251297310608,57.83000313311321,144.89080526898056,100.54523025845658,97.7580937555386,292.06603381929165,216.03731496339844,522.1855217291375,115.98297273752604
51133,Northumberland County,9179.72222084918,16.5,11.5733607259031,83.1324299609277,1895,16.4,38.5,26.4452644526445,NA,92.5,3.9756446991404,23.1,3.6858257032,11.2605042016806,27.03687594776,5.0126065018,5.56088431395484,432.3,12.913755478,47,12302,13.7457324012355,37.1646886685091,23.1507072020809,0.28450658429523,4.25947000487725,50.4145667371159,100,0.10317255610007,10.3,194.4,24.3862786538774,67077,85.3513971210838,72.3247232472324,56.2356979405034,22.8,0.14631767192326,0.69907332141115,39.064261555806,2.09742208122622,10.7071779222502,130.060152820679,7.97991071428571,0,6.9,69.7935295073971,432.09857487446,NA,NA,48.7725573077548,38.2718134977616,8.7,41.6666666666666,110.533696279798,13.3685136323658,49.5,35.9185477854833,9.1,19.1204588910133,18.2629214684884,34.7,11,16.5,76.9832322230063,16.4975666089251,NA,0.8630030447445,88.84808658678,13.8389206868356,40,2.77020605263485,NA,3.447459987,NA,17.2187825747835,79.7062234248164,0.0048818437529,89.1993551853842,-5457.68,NA,24.1811649298567,13.2450331125827,75.7267441860465,48.4,3,30.20677831760161,95.79240179653097,131.87981323283296,95.1014643595601,86.39825194386299,NA,160.6271271859562,NA,130.70891742325176
51051,Dickenson County,13898.3965533363,21.7,10.9563602599814,21.7596286356712,4260,24.2,38.2,25.611620795107,NA,87.5,4.39077936333699,27.9,4.7960706679,7.89163722025913,24.613324669443,6.2029414783,5.65055414608091,217.6,14.568974287,34,13725,19.1256830601092,24.5610200364298,0.56830601092896,0.27686703096539,1.10018214936247,48.3205828779599,100,0.0297619047619,11.8,41.8,72.8597449908925,43271,83.1043256997455,85.013501350135,53.6397285626156,29.6,0,0.20400728597449,14.506059493206,NA,9.31566455696202,7.28597449908925,4.62555066079295,1,7.1,97.2167577413479,669.476214623585,NA,NA,153.005464480874,57.5969980175588,NA,50,135.687108325872,14.3231441048034,43.7,49.7830879738283,17.7,2.17596286356712,NA,38.7,14.6,20.4,72.1598619001166,33.5720680393912,25.5067567567567,0.7791701475912,77.2325455529496,10.8904933814681,42,0.67007094166996,35.3846153846153,3.258906427,NA,33.5668879665721,75.7351614649107,NA,81.3662202524328,-2338.341,NA,28.8345543204455,4.60829493087557,62.4263135412217,47.6,6,16.882449969348663,91.1644472514399,178.18260181588806,262.6858932368411,350.0420289565367,244.3807748436191,424.24517117484464,269.5287486588336,91.04627341838271
51107,Loudoun County,3243.25185156231,10.5,6.953035892749,76.0070347434002,2340,8.6,29.6,4.44005920078934,0.88326176557667,96,2.38934856277845,3.8,2.7035982149,6.71464884471482,3.63903847417589,4.1512589546,NA,201.1,18.425542686,36,432085,26.3589340060404,10.8166217295208,7.60313364268604,0.47166645451705,13.9553560063413,49.8022379855815,11.9465316099667,3.72779756411918,8.2,128.7,196.489116724718,167605,20.1565033126109,63.9197480420695,85.0883029164806,16.1,0.10437761088674,22.6279551477139,11.7725110209069,0.99395364742396,5.84191994357987,73.5966302926507,3.46752576051939,0,7.2,52.1332608167374,178.007477389624,24.3126688933351,3.46361793196666,97.4345325572514,92.4835910385572,9.9,47.6923076923077,29.9684268122681,10.3307811262399,48.7,8.86136240282171,4.1,6.99264719639282,29.9770435319799,31.4,7.3,12.4,84.1475314722918,4.64027253867377,2.21438131159508,0.67271303458415,77.4274805303539,9.03347842598814,53,65.203346412767,6.72727272727272,3.335128982,NA,9.40190056130889,96.4063255599102,0.11801919556007,94.3590044396215,7368.48,NA,23.8208883983174,7.40078655702538,88.6168389955686,79.8,101,13.8848661960568,39.798367595529,62.661582958438395,135.1896162773792,93.40988637547393,NA,69.6033573230869,95.13698129607724,NA
51181,Surry County,8784.97912773331,19.3,9.97618417570786,15.3139356814701,3468,18.8,41.9,16.3636363636363,NA,NA,2.96398891966759,19.2,4.0369674998,9.56719817767653,30.6990614858345,5.3793085846,5.22314937210839,413.5,14.089959292,52,6527,16.7917879577141,25.4941014248506,38.3790409070016,0.53623410448904,3.04887390838057,49.7625248965834,100,0.22497187851518,12.4,243.2,61.2838976558909,65339,67.9389312977099,81.1990876507005,58.2781456953642,26,0.04596292324191,0.56687605331699,31.9783197831978,7.82767504465569,9.01198842496899,NA,5.81915846016114,0,7.2,55.2780756856136,420.141326975069,NA,NA,NA,9.9832342630697,8.3,0,89.6417421408921,11.4490161001788,65.9,NA,8.5,15.3139356814701,5.37074050898222,38.8,12.1,17.5,76.8242196235345,NA,NA,0.81064629139387,77.9234972677595,10.3132161955691,45,0.82319516236081,NA,3.283303353,NA,NA,74.1347905282331,0.00249218268258,87.6232642382773,-4726.307,NA,24.8243774774636,3.28947368421052,85.8157389635316,61.5,3,39.724913314643466,44.908153236032106,63.495218708597356,73.52372546025781,68.65586351010644,NA,182.824246647201,NA,62.32445230678156
51101,King William County,9682.94033717754,14.5,8.09280233832663,33.0196466897804,2528,16.2,38.9,12.3598735268755,NA,89.9897959183673,2.65929711127333,9.4,3.516366861,6.67120490129339,27.6822414226994,5.5005423877,3.77613860302167,302.7,17.967595486,50,18492,22.2961280553753,17.0992861778066,14.4548994159636,1.54120700843608,3.13649145576465,50.4596582305862,100,0.41142448273805,9.5,91.6,59.4851827817434,82715,29.7925608011444,81.1796832332059,64.4944793245291,21.8,0.01622323166774,1.41682889898334,20.9388056033423,2.85961336702358,7.07211698238617,32.4464633354964,4.45785929881588,0,7.7,77.1414665801427,450.690786357252,63.1566859964402,NA,81.116158338741,59.5227400336889,9.3,40,88.907363146166,7.0367474589523,66.6,39.6525679758308,5.9,4.95294700346706,20.3703897862673,37.6,10.3,16.5,75.3135077995093,11.5464107982033,NA,0.83274186594142,86.1018424488611,8.38277803134033,51,11.2826456416995,NA,3.442348274,NA,14.3325198691259,74.9455969824459,0.01687140308273,93.4907414894477,2153.9195,NA,19.6095025086139,7.73694390715667,82.3389570552147,66.4,7,24.578630623684273,46.00401418122268,93.13643558588056,55.637961278852124,34.130161940966566,NA,141.54336353782512,NA,91.9656220224168
51085,Hanover County,6728.87734089841,12.5,6.73627484001347,72.5786941211257,2408,12.8,31.9,5.67286479672234,2.27147613881124,94,2.44632054776307,5.9,3.0447867086,6.61168981481481,13.0943918590295,4.6302802145,3.77131927986362,249.1,18.779222678,49,112938,21.2709628291629,19.3982539092245,9.2847402999876,0.48964918805008,3.62145602011723,50.4489188758433,37.0070649851335,0.4718506820906,8.1,132.1,211.620535160884,103639,23.7027812370278,77.6407770400815,76.2973575294492,16.9,0.12042005348067,2.34022206874568,16.6262034323984,3.97253590680882,5.93733926694545,71.720767146576,3.92241889068474,0,8.4,82.3460659831057,329.991358580326,48.2584381298435,4.85436893203883,115.107404062405,86.3346638903791,9.3,26.7441860465116,74.5201953427651,8.89738687061822,37.8,25.0281566762607,5.5,12.2756556723385,28.8019037668731,32.2,9.1,15.1,78.3256301854621,13.1288681621248,NA,0.79598671313439,83.0292632240292,8.35809168364966,54,41.8802926080933,19.9137931034482,3.416530083,NA,17.4125104570577,90.1263803977478,0.03509791857825,94.4014866989824,2027.426,NA,22.2715387064715,8.41278743690409,87.1553100061387,78.4,25,12.543304648864149,47.39611514228122,101.93579537374535,64.42937897687308,22.17370933989396,NA,122.48616347630504,165.58277832790682,96.71443534533216
51003,Albemarle County,4986.10080179646,11.5,8.67801337517036,139.164134407891,1790,11.1,28.6,4.39247171073683,2.09831112183581,NA,2.65898934341698,8.5,3.057793021,6.36027903159622,8.39324448734325,4.778499479,4.50091935907538,276.6,18.479684614,53,114534,19.0912742067857,20.8339881607208,9.35791991897602,0.39464263886706,6.05933609233939,51.9120959715019,40.3745718225899,1.66593353112394,8.1,209.7,211.290970366878,94727,31.1948614765516,68.2659088376239,80.7498823784879,16.6,0.08905652470008,5.87860373338921,22.0729366602687,3.526663792183,7.80018964891537,103.89927881677,5.46161072679135,0,6.4,76.0088707283426,233.877545472697,42.8851681189835,3.83089341907237,96.0413501667627,79.037323724365,9.1,23.9436619718309,65.4620438341119,12.907031618688,24.5,11.6935568501755,6.8,10.3051922314704,42.649544303201,30.3,8.5,14,81.9053583023456,10.1829845964174,1.90615835777126,0.83872864818626,67.2344484567691,12.4447872116665,61,56.3108788663893,7.7,3.209291346,NA,14.3856524647523,90.0547341645658,0.08764997352101,93.826037225746,NA,NA,28.3182197261604,9.7972972972973,79.3532155130093,70,27,17.256953494710075,43.59905709692511,155.71978480329616,43.147215271959894,77.14231124347218,364.90685122747817,162.82246771596311,432.1307425978246,184.59506975660045
51019,Bedford County,7508.7932938958,13.9,8.6595059076262,74.8773882766969,NA,15.3,35.7,12.9391173896737,3.0833744449926,89,2.864407659177,9.9,3.5563978528,7.09663503019844,15.5982471923155,5.1209554834,3.90760823399496,207.2,17.040929934,NA,80848,19.1841480308727,23.3203047694438,6.89936671284385,0.42425291905798,2.75331486245794,50.2708786859291,70.7344391029674,0.42769242879445,8.6,92.1,113.79378586978,71135,44.0656419738818,81.9208729745291,68.5838569357177,20.7,0.03215911339798,1.45087076983969,16.3538530523348,1.47536353758486,7.5190150831507,33.3960023748268,4.27569380908813,0,7.6,86.8951612903225,362.222974481698,37.8044347509996,5.69426193604905,45.7648921432812,55.8015151896504,9.2,33.7837837837837,90.4817267350755,7.85998408910103,40.7,22.1813935774402,7.4,13.3531342426776,35.6441955703374,33.8,10.3,16.5,77.8397845886492,15.6700197138957,NA,0.77262484438771,84.2509996924023,7.74572983795282,NA,14.400523844745,12.8947368421052,3.109782242,NA,18.6558692132278,85.0353737311596,0.03406311480485,92.4129503089554,2804.497,NA,20.1700991073311,7.1077091306725,77.9639567480977,70.9,22,15.862580333801999,60.065483749791134,238.95818935975123,93.7154199704805,156.76515842182872,300.2322200399674,250.24222455437464,416.29140251730814,121.58851219103254
51067,Franklin County,9513.74358325661,16.3,10.1086814194055,34.5844406421784,2016,17.8,36.3,18.1415552337961,7.65071916760175,89,2.94905155183467,18.9,3.875766551,8.46727898966705,18.1067020299908,5.3190786572,4.67605526586229,269.4,15.427460508,44,55074,18.2336492718887,25.1516141918146,7.77136216726586,0.52293278134873,3.10491338925809,50.1979155318299,90.0673678800227,0.47843241903817,9.8,127.3,107.128590623524,68089,54.474893077776,79.6784620619258,57.7906645118357,23.2,0.0599193811962,0.54835312488651,19.2513890242713,7.94470832603547,8.77564071031531,18.1573882412753,4.85947927436789,1,7.5,86.7269491956277,421.912529466247,67.2989968243286,7.97948133371331,56.2879035479536,43.9286304311911,8,36.8421052631578,107.581839041842,11.7685877694676,54.2,34.699994615518,9.4,8.91914521824602,47.0255527861166,32.1,11.5,17.5,76.7260752910559,16.4410783917766,NA,0.74702621144601,79.9518663155026,9.71257257066717,33,13.6265435707662,43.1372549019607,3.190020812,NA,17.0926113773037,79.4523658160021,0.03037481994572,89.6847490783236,643.7324,NA,21.0724199209857,11.0732538330494,65.9942235058876,61.6,14,13.510118615173253,53.010158827505016,258.84060729772625,115.4497056356314,196.9424416445714,266.3733047605953,277.0089064833183,411.2256042091493,93.3199079930939
51015,Augusta County,7694.87871798625,15.2,9.96367649087314,52.8602555342109,2142,17.6,36.4,12.2656139856196,1.88829952962458,92,2.59645081924305,10.1,3.8211561997,7.19978746014878,16.9946957666212,5.4484573753,3.78465178175366,255.3,17.355616319,50,78064,18.1453679032588,22.8684156589465,4.6538737446198,0.29591104734576,3.88014962082394,49.0956138552982,84.2644572637991,0.77992998202241,9.4,116.8,81.9840131174421,77487,40.7493201732299,84.5863851788022,51.9946091644204,23,0.03586800573888,0.73273211723713,17.3957974509128,7.50459132624129,8.73365462679864,35.8680057388809,5.16298979255844,0,7.1,88.9936462389834,355.714081140461,51.8476621417798,5.0709939148073,163.968026234884,54.2620052395886,8.5,23.6842105263157,84.41459399473,8.96734626222443,31.3,14.3687544902357,7.7,13.021672704769,50.6011245420994,34.7,11,17.4,78.5618915595058,14.7265335317909,8.70574579222286,0.84955074814558,78.7297045515038,8.33390328978866,54,17.5094025801883,15.6521739130434,3.036321107,NA,21.3132502099106,84.5322065477774,0.03826920351989,89.86796483732,4309.425,NA,23.3471421012556,5.68181818181818,69.985101804337,71.8,23,15.988329279147841,17.536388333500085,168.3510614247471,17.35094958458596,103.10207973489953,349.50386189071605,175.32699031311765,401.9800171705159,193.58144875727535
51113,Madison County,8415.85087788949,16,10.9465227215666,7.17257208434944,1589,17.5,37.5,14.1421659843691,NA,97.5,2.22778803058265,13.7,3.8003931795,7.82800441014333,23.5801026806289,5.5335285687,4.06175677332352,229.5,16.345010159,51,14000,19.7,23.6214285714285,8.31428571428571,0.31428571428571,3.83571428571428,51.2428571428571,100,0.06109668550481,9.9,83.3,35.7142857142857,71697,45.8307597282273,73.4157650695517,53.6585365853658,23.6,0.04285714285714,0.87857142857142,11.307803468208,0.29257569478255,9.95804195804196,35.7142857142857,7.2463768115942,0,7.1,84.0214285714285,382.717661112102,NA,NA,28.5714285714285,49.2881404928814,9.4,7.14285714285714,110.304529938736,13.0392156862745,40.1,24.6822164630383,7,10.7588581265241,26.7599172316153,34.1,11.2,17.5,78.0659980589221,22.359026338933,NA,1.02807845034367,79.2449286250939,11.1678236014699,54,8.48750699660374,13.3333333333333,2.986626021,NA,16.4608863599246,80.4470323065364,0.011862167630879999,87.0093919920909,2743.145,NA,28.7124984308966,5.17464424320828,78.503861003861,65.3,4,20.97247053659291,74.05167905948801,118.20348726481905,73.5998372345228,92.09885345619882,395.0276229135521,125.17941615318968,462.5834055251137,214.71598338093867
51053,Dinwiddie County,10434.7144312587,17.1,10.4042095192537,14.3307537976497,3637,18.5,42.3,10.8622994652406,7.07510220995871,88,3.26338639652677,16.6,3.8178295837,8.57354028085735,18.6984844120337,5.2973181607,3.99034507419989,433.5,16.328575581,43,28161,19.8572493874507,19.3743119917616,29.8036291324881,0.50424345726359,4.14757998650616,50.4136926955719,71.6642215622428,0.84519740054843,10.9,204.4,21.3060615745179,72695,54.251497005988,82.6789320170518,57.0236853865634,25,0.08167323603565,0.9587727708533,22.1734550561797,8.24525745291063,9.07288944949995,7.10202052483931,5.1517779705117,1,8.1,62.7925144703668,481.536472899506,62.45364768336,NA,3.55101026241965,32.4041936522704,8.4,35.5555555555555,87.3971849648649,11.2445939452186,51.8,28.1875411068307,7.8,6.09057036400114,23.2337891249278,38.1,11.3,17.1,75.1948917162383,15.5059521711857,NA,0.84801187247326,78.5467791411043,10.4170864396534,48,18.0030248088718,15.3846153846153,3.1864484,NA,15.9410928052722,81.4321319018405,0.02649639612613,89.5431320998065,-1736.151,NA,22.3124011280005,4.82425913163335,68.0126182965299,67.7,9,23.413994327635,12.190245931378858,108.62717915896971,88.05241594446974,46.69800808140374,NA,165.46168301603973,NA,107.45641017132533
51121,Montgomery County,5651.35626623426,15.2,8.53285744972653,72.1009819950646,2254,15.8,31.7,4.56336271647629,1.7411542111265501,93,2.76361116991589,12.1,3.7131038293,6.9762996941896,6.81952066024567,5.5978862787,6.38943097285286,365.6,19.90448577,47,98915,14.9896375676085,14.2920689480867,4.08431481575089,0.28913713794672,3.6809381792448,47.9775564878936,26.0847765265089,0.45915218960161,9.7,80.9,329.575898498711,69668,38.1404958677685,73.3491192351951,75.8708098422271,22,0.05964717181418,6.55411211646363,13.6942031912744,4.4036232318811,7.51809077800267,51.559419703786,3.68148522354129,0,7.2,83.0197644442198,308.007461187619,30.8300731416907,4.61169525917727,128.393064752565,76.0170876746122,8.2,25,55.7873831254323,17.0245832155976,17.3,14.2180576102153,10.6,11.0690239964254,43.548353888592,31.8,10.9,16.7,79.3974266316585,7.70880203187792,NA,0.8700992706294,54.9442626587543,17.6484674329501,57,60.1814279885117,25,3.248286587,NA,14.4206983136866,90.338860850757,0.05653206202266,94.9852454618617,4137.456,NA,30.4443934087385,9.45744151319064,57.6178596558562,67.4,23,12.016216735324708,39.46745046053549,206.6013532977434,107.25385812962976,194.60992974179484,254.21118868563937,268.81305897731664,351.14265240438493,111.49532065660445
51081,Greensville County,11937.0128280505,22.8,8.49377123442808,34.9742065226895,1973,21.8,45.6,30.6616460462614,NA,NA,3.79136029411764,22.1,4.2765491571,12.5810635538262,28.4126003705991,5.0905301389,3.97551478846873,463.4,16.421224827,58,11226,16.2390878318189,16.105469445929,59.4067343666488,0.32068412613575,3.00195973632638,37.2528059861036,87.779826178562,0.53421755549415,14.3,587.6,80.171031533939,47596,99.3818681318681,79.9329378385349,38.0248373743347,29.3,0.06235524674861,0.77498663816141,42.2380691168403,0.25041768151826,6.85629727063466,8.90789239265989,2.44457077885162,0,7.7,35.3732406912524,579.618844295606,119.904076738609,NA,8.90789239265989,15.4507944868756,9.5,32,106.34773967468,13.0813953488372,40.1,NA,6.5,0,4.81345262627053,43.7,13,17,72.2593989465947,NA,NA,0.80683745016268,69.6772191185599,15.412421952021,45,32.0739331015512,NA,2.548723983,NA,NA,81.5642458100558,0.00282006177297,79.6956673248925,NA,NA,34.0784939910916,4.15800415800415,47.8451882845188,58.8,3,4.186391172607899,37.10598334920956,90.09161833581628,101.32248455800308,67.77039149593321,NA,184.48452003987677,NA,88.9208401507453
51141,Patrick County,12323.6977431615,17.1,10.3348191147507,22.7246903760936,2446,18.9,32.9,21.8953130345535,NA,97.5,3.58638012838403,21.7,3.9695700836,8.70488322717622,22.5790063624414,5.4501879208,5.67753980189804,147.7,15.220761547,45,17643,17.412004761095,27.8694099642917,5.25987643824746,0.61214079238224,3.33843450660318,49.5040525987643,100,0.46205793495646,9.8,77.1,51.0117326985206,49319,61.9385342789598,78.1553398058252,57.984496124031,23.5,0.05667970299835,0.37975401008898,11.6173120728929,3.1404478613233,9.01043313310148,11.3359405996712,4.88958990536277,0,7.3,89.5142549453041,535.383475874481,NA,NA,73.6836138978631,33.2235347569287,8.3,43.75,143.115139537261,10.3448275862068,45.8,49.3330550443048,10.4,9.08987615043745,24.3962450967309,35.3,11.9,17.9,73.466764835769,23.8525232562101,NA,0.80030869021569,78.9304537858336,8.54689015099044,32,3.26754531571541,NA,3.286976768,NA,30.7538207176701,75.1510476925054,0.05523293500074,83.6454800176965,-1689.133,NA,29.0922362578316,4.66200466200466,65.8949550794747,55.2,7,30.36328602763683,66.98876023423517,230.13587845486924,153.17731701495595,231.69413543015776,228.53834732340252,321.97503764549924,391.5158474474527,81.43556495057253
51001,Accomack County,11805.1712423782,20.5,15.5057064147973,36.0945677675509,2002,19.8,40.1,25.94056004123,14.8681327811716,85,3.27171081888063,22.6,4.1576767589,10.3238866396761,19.6784110339037,5.1228096518,3.93356100589878,538.4,13.650143143,46,33191,20.0355518062125,26.3444909764695,27.3989937031122,0.70802325931728,9.66828357084752,50.7667741255159,90.3540538113907,4.0198778210363,12.3,372.5,129.553192130396,56357,97.2847821511261,72.8136747287041,44.5832123148417,28.4,0.18378476092916,0.89783375011298,36.2749445676275,0.89944514573439,13.3961642933574,54.2315687987707,7.75748721694667,1,6.9,60.0644753095718,536.960650312919,88.8919279291599,9.47119179163378,87.3730830646862,37.0394756531889,8.7,30.7692307692307,93.3907604588435,14.7727272727272,25.4,27.6073619631901,9.7,11.4299464597244,28.0043673118806,38.8,12.9,17.5,74.0996519283393,20.2756256259331,7.75694893341952,0.75888028841056,66.8678080269436,11.8300852618757,44,17.4289241891447,9,2.929125474,NA,14.0455005066995,80.5781644681448,0.07098431593683,81.5666502705361,-11041.42,NA,25.4591266391042,4.41744892324682,70.5427323767935,38.9,13,20.94079231220414,86.61565720465866,114.53606372426337,140.0064071139266,168.87020540817073,NA,206.41230184129432,NA,114.27321648793391
51095,James City County,5194.44713822513,11.8,6.9866541793491,111.414336145815,2447,11.7,33.5,11.1947757713067,3.37401520931078,NA,2.90528134787774,8.8,2.9063604723,7.64840182648401,9.37226447030773,4.6142111222,3.75463800429094,319.2,17.930642066,56,81199,19.2477739873643,26.7835810785847,13.7119915269892,0.48522765058682,6.91510979199251,51.6422616042069,14.1615764050399,0.86830101101715,8.3,66.5,410.103572704097,103070,33.9468951655559,76.9346164732522,70.9789343246592,17.9,0.12561731055801,2.9101343612606,29.3107932379713,8.67884512273082,6.02105913019618,112.070345693912,3.5244704163623,0,7.4,73.4627273734898,236.648459371645,43.1329386917333,5.3639846743295,140.395817682483,97.4391085439722,8.5,38.8888888888888,60.1132824443304,12.483153638814,36.3,14.9561783972959,6.9,8.63774066748454,36.9977249954678,30.7,8.5,14.3,81.9885016995743,8.80970518580704,7.70572840942134,0.82004065526724,77.6148582600195,10.9546839803895,56,41.4818361160619,22.3287671232876,3.354167245,NA,11.8473037293135,91.6389703486477,0.02509394085472,95.7447178506216,NA,NA,21.7890753856602,8.3747710023554,83.9773304009473,77.9,15,12.041402664865048,11.694720246924312,58.97862684510596,20.894021360146706,32.00953705785,NA,166.6697150391477,NA,57.807827819515424
51093,Isle of Wight County,7550.6792715271,15,7.8556263269639,40.7352716533428,2546,15.4,37.9,9.15119363395225,3.83837375780629,93,2.79975654290931,9,3.5726145762,8.55941918226977,11.8989586491995,4.9555945379,4.96749465177085,381.9,17.707145374,53,40151,21.2971034345346,20.1041069960897,22.1414161540185,0.50559139249333,4.63500286418769,50.4545341336455,58.4546443557996,0.68404261071756,10.1,235.9,52.3025578441383,85227,34.9350418223883,82.696264212236,70.629683480595,21.9,0.0672461457996,1.14069388060073,20.5756799609708,4.46523702416,6.98667686619493,24.9059799257801,4.69127285270783,1,7.4,69.2386241936689,378.404491475463,40.4975412207116,NA,19.9247839406241,70.2585090400456,8.9,25.7142857142857,71.955100017589,11.5674195756331,47,18.4029725182277,7,12.2205814960028,20.2718114780008,36.6,10.4,16,77.786910789616,18.655025930486,NA,0.69686474901002,78.3166622795472,10.5899221630479,48,25.9212608514846,14.054054054054,3.279841739,NA,16.7988028500347,83.4956567517767,0.01671948210583,91.1864892968553,240.9541,NA,20.4946789163058,8.96151818661043,81.6286758308682,72.7,9,22.34808941981145,49.27357509490331,38.60422816406181,53.43984435922737,83.04512618218891,NA,205.94702314875292,NA,37.433461762246004
51153,Prince William County,5340.10885875723,13.9,11.4922284938672,44.1717994022358,2617,11.6,35.7,12.8666642905513,2.93730236315154,89,2.72963225400667,8.8,3.1619722477,7.53227803325079,6.67012411632329,4.1457877934,3.59514950166113,412.6,16.561149061,34,486943,26.2544076000681,11.3005012907054,20.3136712099773,1.08698554040205,25.7771443474903,49.6592003581528,4.59494321905251,5.73686524559943,9.8,289.2,163.058099202576,119051,44.40966268083,68.422463959529,71.8316017251856,21,0.18913918056117,10.7437626169798,19.001352270329,3.81560014088386,9.60479041916167,62.8410306750482,5.32759096023307,0,8.5,39.142774410968,264.537919149216,38.3181050347831,4.61929156267787,65.1000219738244,96.747434695689,9.5,27.2727272727272,43.9574586660139,14.2827413984461,64.3,18.0376693653257,4.5,6.2542314106904,39.9045631923429,34.2,9,13.5,81.0005989732027,7.49563601530295,3.75983257559356,0.80408667201679,74.1455679614195,11.7970022267273,47,102.328057442789,11.7931034482758,3.224998712,NA,9.60876967418755,96.1576767835613,0.10185027646519,89.9475233004963,-1832.843,NA,26.7238410429143,5.81204733092903,78.1254706003148,74.3,102,14.75216381509667,38.01325501005978,58.68000368000135,127.94890391495473,90.06875663902417,NA,64.87601169479409,107.72130294157614,NA
51057,Essex County,12276.044314785,20.8,11.7433613722579,37.8322141303319,3040,20.7,43.9,19.047619047619,NA,92.5,3.43199564191029,21.1,4.2785166368,13.7150466045273,29.9990869843091,5.6698313412,5.48414179104477,576.9,13.785077525,49,10630,17.3095014111006,24.2897460018814,35.9642521166509,1.06302916274694,5.0423330197554,52.351834430856,100,0.32670032670032,12.9,226.4,37.629350893697,58214,76.6690595836324,69.6538178246992,43.8318777292576,27.5,0.2351834430856,0.97836312323612,39.4267171444023,16.5772546668497,10.3579107120273,56.4440263405456,5.98377281947261,0,7.2,54.2991533396048,500.577571636399,136.892539356605,NA,75.2587017873941,53.0144353240872,7.1,25,97.3978241693619,18.1318681318681,44.7,30.7986079029227,9.8,10.403858885841201,35.1122572022239,39.9,13,18.7,73.8110253909326,NA,56.3786008230452,0.5619865035177,65.3828088304368,17.84744507529,48,15.0045214019738,NA,3.335487201,NA,20.9929979609706,70.6669798027242,0.00349457293235,82.6070038910505,-8087.688,NA,27.8627134366303,12.4333925399644,69.572072072072,50.4,4,9.148070426979132,74.90626118012918,131.84544911062562,82.83895695007934,64.05254897936388,NA,136.1368704149652,174.471841854195,NA
51105,Lee County,12412.5206826972,22.7,11.3776559287183,31.8427876086066,4370,24.8,42.4,34.4394167923579,NA,83,3.782534663099,31.3,5.0545999381,8.8937093275488,18.1968167701863,6.1906812665,5.50447350309704,154.7,14.798325865,35,21982,18.5151487580747,23.3645710126467,4.15794741151851,0.47766354289873,2.20635065053225,47.0794286234191,100,0.61147695202257,12.3,104.4,150.122827768174,41573,94.4482288828338,83.2198232140269,42.8887659103486,32,0.04094258939132,0.29569647893731,32.1480057664584,0.00182938956107,9.56950041578711,22.7458829951778,4.34263898830828,0,7.7,91.7932854153398,628.5306686283,NA,NA,104.631061777818,34.8306498895053,7,21.4285714285714,106.086611524628,14.527981910684,30.4,21.851873433949,17.9,5.00386662420961,NA,39.1,15.1,20.4,72.8383984941153,19.8373338623289,NA,0.88750873209919,72.1528111484863,13.9528619528619,35,1.25447226703771,NA,3.298539497,NA,21.3550568414392,62.7462758289284,0.04690908095728,81.7460794327945,-2716.238,NA,30.0122675775142,11.1788617886178,51.9425587467363,43.1,11,27.322746404931408,60.826341484405674,119.69938159394431,279.0742106441674,366.430346363863,214.47226546488417,440.6335068428226,246.74978678975526,79.44916302975282
51195,Wise County,13641.7949875053,20,11.3848985225704,22.4422812578898,4177,21.6,43.5,33.5875819617288,3.76251034690345,95,4.13023110555902,26.6,4.4968241925,10.0395256916996,12.4162841447814,6.0201135872,4.53409031447857,230,15.77013159,41,35421,19.2032974788967,20.1293018266,5.9879732362158,0.21173879901753,1.42853109737161,47.3956127720843,65.3861057293108,0.28118387106125,11.2,126.5,129.866463397419,45220,75.906331309627,80.7386782409303,56.3976483164083,27.9,0.0084695519607,0.49688038169447,27.4200613228208,8.53480681683564,9.49525616698292,28.2318398690042,4.13188647746243,0,7.3,90.6354987154513,697.561474856681,33.8711663998029,8.0213903743315509,112.927359476017,72.3138665928591,6.6,8.69565217391304,120.427759401393,13.5434126718069,27.7,40.821510214449,15.6,8.4158554717087,67.5436158715454,38.3,13.5,19.5,71.1493301534205,16.0570345868525,NA,0.82122504024013,70.3245089666951,11.7741197988111,47,24.5394971751943,22.3529411764705,3.321436261,NA,22.5786840703917,73.021633931113,0.01729775782217,80.3592722237181,-614.7217,NA,33.1092436974789,6.9889341875364,54.5559021507141,51.2,14,13.91549752621136,59.024542260564964,146.04270759587558,249.43278547458408,336.7889211942797,212.24088062360664,410.99206635169395,268.0606160913465,72.51225852832253
51191,Washington County,10387.1136745269,15.9,9.83430603072382,91.3582548708865,3261,18.2,37.4,21.7973584557125,2.9049500348594,91,2.91780199818346,14.2,3.8425135192,8.62275449101796,12.1479728730484,5.6817145808,4.40694856964202,190.2,16.165953653,43,53958,17.4339300937766,24.9286482078653,1.46780829534082,0.24278142258793,1.77730827680788,50.2576077690055,69.1740057476592,0.21398002853067,9.2,89,233.514956076948,61686,57.7180210964195,84.3515177244746,61.0361304384273,24.1,0.05003891915934,0.61344008302754,19.3336915636754,1.49767664457053,8.42782715292675,72.2784387857222,4.1165166380095,0,7.2,94.9497757515104,488.3889578026,70.3362526659708,9.06167787196726,181.622743615404,64.1512932233244,8.2,32.5,92.6409717667374,7.64532911106084,31.6,19.2462904327311,11.7,10.4409434138156,58.9288746064341,32.8,11.3,17.7,74.9559158653964,18.1576304662805,9.50998185117967,0.8595728998972,75.173760959433,8.17264414649168,50,31.6308788543116,11.2765957446808,3.513351171,NA,22.1582879154471,79.1123427065824,0.04245562773326,89.2471248664895,1189.441,NA,22.2481600363129,10.377358490566,65.3599088838268,67.4,18,12.85051668510474,29.606195587575737,120.02931526217768,191.06268169621845,278.4187818006193,186.53689680829171,352.621918468793,328.6682239295423,24.923320605533767
51083,Halifax County,13467.630363692,20.7,11.0778443113772,38.5322188630031,3888,20.7,44,27.1221228558862,7.91396272940078,84,3.87435914076189,21.2,4.2980139627,10.6011372867587,23.7418881882023,5.9708244168,5.27384385346577,376.4,13.397507369,41,33644,20.392937819522,25.7074069670669,34.7877779098799,0.44287242896207,2.68695755558197,51.9082154321721,78.2111574863323,0.24141879971524,12.7,269.7,127.808821781001,50578,89.9934597776324,80.8441318030359,54.6723646723646,28.9,0.02080608726667,0.61823802163833,38.7620719929763,10.348980342511,9.33267668062053,47.5567708952562,4.7788365808562,0,7.9,59.9898941861847,588.057755905642,79.702444208289,NA,154.559505409582,45.7380518488037,7.7,35.2941176470588,103.550731032859,10.738255033557,36.4,36.5316640666653,10,13.9308791273934,27.6009715673072,38.6,13.1,18.9,72.7798341225313,17.0623363633689,NA,0.86701586545745,72.6828907463569,12.3284448278566,40,22.3371021196904,21.5625,3.214305108,NA,14.728596489456,65.3302759079813,0.04351816589503,82.1560433318456,-6369.502,NA,24.6688283443394,5.01113585746102,67.698015210536,58.9,11,11.545328308833977,48.17481698082801,190.95928025615967,114.14846698795537,131.79424531111673,268.415251887148,247.65120416638663,488.888415301987,88.10348534495817
51059,Fairfax County,3592.26505676685,10.4,8.72974371005627,111.34313691082,1732,8.3,24.4,7.84650007447935,1.7584965627628,92,2.46576756024878,6.2,2.6053909702,7.15334569502352,4.31517596252431,4.0069644967,NA,281,16.039797329,37,1138331,22.6489483287374,15.1159899888521,10.1462579864731,0.56090890962294,16.8334166424352,49.9730746153799,1.54175964892911,5.84551342210163,8.2,283.1,246.589085248491,144632,32.5279068958722,60.2602833331698,83.7981315050074,15.6,0.08749651902653,20.9112288077896,16.0070257611241,1.56940881431502,7.44177810356347,116.222785815373,4.18067819408587,0,9.1,48.5185767584296,175.234102945817,29.9423609551613,3.70117955439056,128.521493309063,99.7566740762699,9.5,29.8642533936651,36.3932542105409,14.2867893291191,48,9.9764433775758,5.8,8.88814796616713,44.4302284323026,31.1,7.3,11.9,84.8696730528792,4.96747004310543,4.2423827221813,0.77805100691145,68.5535142292451,12.1964216987555,52,244.460114051982,7.55537325676784,3.237885723,NA,8.4376109698557,95.9332496032557,0.11051340748959,93.5038713527563,1591.645,NA,27.1731013883511,7.46759149198003,80.6225947033188,77.6,222,11.966105658670038,19.00940017180123,40.83558321970283,140.84586049447867,80.81364550098749,NA,46.64510438671435,86.28978152885996,NA
51171,Shenandoah County,7797.83337361519,16.8,11.19748723989,33.5180550589917,2731,17.8,37.9,20.2991452991453,NA,95,2.80860702151755,14.8,3.9520865674,7.84550392275196,14.7367042179722,5.3792768489,4.06812415279274,241.3,15.787496406,40,44968,21.0371819960861,22.3937021882227,2.70192136630492,0.52926525529265,8.70619106920476,50.5314890588863,69.6193364414067,1.51819442452063,9.8,86.7,73.385518590998,65289,56.6930693069307,77.4316966694462,53.6180904522613,24.7,0.07560932218466,1.23421099448496,25.4239084357778,3.19884195791469,9.53037880094269,33.3570539049991,5.13656746840603,1,7.1,85.2294965308663,405.07037941167,37.0690720375633,NA,64.4903042163316,62.2821708233377,8.4,31.25,83.563551679262,13.6545039908779,44.4,23.43637779441,10.2,14.0775831247765,48.5780854056086,35.5,11.8,17.5,76.8793088851927,14.6122057581223,9.25760286225402,0.81894188329995,72.7682134306236,11.8612172890326,37,46.5977866439425,43.5714285714285,2.696762974,NA,17.6585754558072,81.7865693763539,0.02295262591374,88.5677239808987,764.7559,NA,22.9318874542419,9.46643717728055,71.6286103130198,62.8,11,17.292597568300618,60.415990770932176,113.01233433006902,60.156608431376796,139.85367750968575,385.70540792356815,119.98826321843964,273.95726751779495,231.02048196235472
51099,King George County,7759.21659605151,14,6.98754988979567,21.8269125832151,4502,14.3,36.3,13.5587546032808,NA,88,2.5735294117647,8,3.320861994,8.12619502868069,15.044300090803,4.8375488407,3.75962943856934,312.9,18.424946501,40,27856,24.3968983342906,14.4098219414129,15.6842331993107,0.87234348075818,7.05054566341183,49.1132969557725,100,1.03465911326173,9.4,206.2,71.7978173463526,100092,32.6941514860978,78.3502170767004,67.6542149706598,20.6,0.13282596209075,1.8739230327398,13.5756119537468,2.1241339000282,6.20801088527936,46.6685812751292,4.37925170068027,1,7.7,71.4819069500287,358.897723494942,61.9877402024933,NA,86.1573808156232,69.2586910152303,9.6,20,81.712698153293,10.1225359616409,50.9,29.3736078133796,5.2,9.82211066244679,12.4187926435074,35.1,9.8,15.5,78.1613829075623,14.1140114992051,NA,0.58467023172905,75.228509807949,8.74070972469381,39,15.7185788469315,12.5,3.345960437,NA,16.2015443850889,89.9661086576974,0.00625394438548,90.3220423827799,1306.282,NA,19.9446509211525,5.12820512820512,71.8898433552299,70.2,5,28.362787262418944,78.90382713823114,95.22304052411708,119.14826528897598,72.25302910309838,NA,99.69135669236354,140.07595388164575,NA
51027,Buchanan County,13005.3040104619,23,12.547391225853,25.2321356479612,4572,26.1,40.5,33.2334513756469,NA,93,4.73717343405728,29.7,4.9566676637,9.2964824120603,26.1530827108005,6.3377665882,4.61497680583167,161.5,14.532874981,32,19352,17.0421661843737,24.4522529971062,4.35097147581645,0.19119470855725,1.10066143034311,48.0260438197602,100,0.09274048122005,12.4,80,51.6742455560148,39652,92.088998763906,86.1326442721791,48.0607082630691,29.4,0.0155022736668,0.45473336089293,27.3820258491133,1.11252998761743,10.9550561797752,20.6696982224059,5.40944411237298,1,7.2,93.1893344357172,659.122957062816,NA,NA,134.353038445638,26.3866371898796,6.7,10,115.198525458874,10.8222490931076,45.9,30.9280028649097,18.8,8.07428340734759,NA,40,15.2,20.9,72.0081841211434,19.1997542431456,30.3630363036303,0.8574,81.6253002401921,11.0156138089098,33,3.86820499471894,12.9411764705882,3.061204753,NA,19.0308341213693,71.1502535361622,0.04987093331889,74.2440919391388,-128.0293,NA,31.4662564309492,9.62695547533092,56.4936170212766,45.4,10,17.8364931563993,108.79520490760156,196.42249148225622,248.86784289854143,336.2239202479694,263.057660542387,410.4270527342471,278.419828871385,101.31646132458866
51031,Campbell County,8109.60584326584,16.6,9.67307456838496,14.4164924673826,2603,18.2,33.7,16.4866949479367,5.18535034819627,91,3.11109391324536,15.9,3.8790586756,8.02449242668385,18.1487262186869,5.2523170664,3.99107895476257,313.6,16.146776214,39,55141,19.116446926969,21.8149834061768,15.0505068823561,0.38809597214413,3.35684880578879,51.1833300085236,56.8550703820741,1.57723916715698,10.1,172,25.3894561215792,63516,47.7397173054883,83.8475923328658,60.7179713990859,25.4,0.08342249868518,1.13527139515061,16.4772727272727,2.23197036026731,8.37316176470588,16.3217932210152,4.59599054539087,0,7.7,78.0490016503146,409.771530556191,52.540876802152,6.12745098039215,14.5082606409024,49.355429474289,8.9,27.2727272727272,86.6997504208021,9.11250269920103,31.9,15.6928072621483,8.1,12.7946370648021,27.4085090393723,37.7,11.5,17.5,77.062013406562,14.1476580184572,9.7108175651553,0.83652435729174,74.1086170734972,7.18957301691114,52,22.2720180583107,NA,3.114193296,NA,14.6050438423186,81.516355035923,0.03422613085588,90.480355893232,200.4297,NA,21.6071541029032,6.79347826086956,69.1112908817751,67.6,15,24.051238646460853,66.66588741220755,219.1446608923241,95.29863203296786,135.86120315978263,286.9064954911504,239.12247879294617,441.7377621717842,106.59466196487486
51075,Goochland County,6539.20678637019,11.8,5.28032195392728,70.6214689265536,2173,12.3,33.6,5.43232231779085,NA,96,2.72389947714623,7.8,3.0274364685,7.03764320785597,15.1955361592978,4.5529716555,4.12700746875121,196.2,16.461061495,55,26109,16.2511011528591,24.8611589873223,13.7347274886054,0.35619901183499,3.50836876172967,50.4730169673292,92.7285962712824,0.49581267447189,8.1,243.2,122.563100846451,113617,26.6281310211946,77.2735299311319,70.2818270165209,17.5,0.04596116281741,1.88057757861273,16.1236224245328,2.37594526686631,4.835683268107,26.8106783101612,3.39209997768355,0,8,78.8999961699031,305.240776399547,NA,NA,22.9805814087096,63.3801108100457,9.6,20,76.086320348492,9.18484500574053,50.5,16.2884135085242,4.7,13.7319522912743,19.9841536550296,33.6,8.7,14.4,80.0590505775147,15.8861547980368,NA,0.7067950310559,84.5116469145893,7.70039974752787,55,18.9686669545793,21.4285714285714,3.318902902,NA,18.4821506855313,88.5778504290968,0.01351600837753,94.205974425638,3727.53,NA,19.2171946099615,8.13008130081301,88.8469601677148,68,5,30.245226494165994,63.68927348773897,124.8023155485193,78.75353654496838,35.79676120637324,374.7772129112512,145.70720467748757,467.8432473403031,194.46536203328168
51033,Caroline County,9467.56202193352,16.4,10.4703851548171,9.57487552661815,4396,17,37.5,20.4081632653061,5.59931315092015,89,3.24844074844074,14.2,3.6398550051,8.85352917176662,22.3972526036806,4.9294535693,3.8200197107316902,389.4,17.010330492,42,31957,22.389460838001,17.2857276965922,25.6594799261507,0.8855649779391,6.96561003848922,50.042244265732,100,1.01887821168131,10.5,259.2,46.9380730356416,72210,52.5719679093912,77.288006596055,53.3316664583073,24.6,0.18775229214256,1.07644647495071,30.7822888668835,1.51826740135968,8.83241165627328,25.0336389523422,4.58980349044936,0,7.9,62.3869574741058,477.315755185046,39.4334724458611,NA,15.6460243452138,58.7107844724318,9.3,32.5581395348837,104.443723645799,9.42622950819672,64.4,38.7442556259887,6.7,9.89403804417209,31.9967305088271,37.6,10.9,16.6,75.7350419326235,18.1641258514434,NA,0.76758054644465,81.6984280319662,8.98377300335418,42,15.202301510377,14,3.323475952,NA,16.1682318714924,83.7973127250373,0.00394478579198,89.3542838547719,-892.2041,NA,23.3250242348705,7.88229111928534,70.9253211408665,69,5,26.883946787269473,67.25372497004862,95.80792471172425,85.3768451747696,38.566627061771136,NA,101.54085470783012,149.03941379329652,NA
51155,Pulaski County,11130.0716050894,16.2,8.95600104139547,32.5839035516454,3222,18.5,37.7,28.2315340909091,NA,93,3.09365050759896,19.4,3.9876232119,9.22858495030762,14.2554065725809,5.4097261577,4.27089698394046,239.9,16.680655604,44,33706,17.5933068296445,23.5685041238948,4.95757431911232,0.29074942146798,2.11238355188987,49.2375244763543,42.5917159763313,0.1084195526919,9.6,77.8,59.3366166261199,57731,67.358671351006,84.8588709677419,56.9936831249194,23.6,0.03856880080697,0.75950869281433,26.7351333443763,3.90319964454552,7.71615980918306,29.6683083130599,3.80252436491452,1,7.1,90.1441879784014,557.779574512038,45.5598162420744,NA,94.9385866017919,80.1153846153846,7.9,25.8064516129032,109.430432250207,11.6604159563586,30.4,44.2386527855605,11.9,15.1070825557629,38.8598523873766,36.2,11.6,17.7,73.8260224266327,15.8850627459978,NA,0.87040232138655,70.2663438256658,12.6726943942133,48,31.9278282192805,37.7777777777777,3.079356435,NA,21.371832245853,77.9522656520235,0.01405022759824,90.3284098051539,451.8184,NA,24.8531984549029,7.58533501896333,62.3042465507973,61.8,10,7.763894995553272,51.902943917525654,190.0117471818716,122.78892309522922,210.14499470739426,237.6215825697677,284.34812394291606,347.3467667891695,94.90571269491512
51161,Roanoke County,6933.05684132463,13.3,7.59297990361007,124.237749640228,1811,14.3,34.5,8.45056168404007,3.17447360425198,94,2.56430819816749,8.7,3.3678499001,7.64895330112721,8.16293212521938,5.043860378,4.20097996578817,295.1,17.037697917,46,96914,19.360463916462,22.3620942278721,6.6791175681532,0.29407515941969,3.92925686691293,51.5560187382628,19.41008366949,0.77615176151761,8.3,120.6,310.584642053779,77010,30.5255962327206,79.7340620091658,72.8913299333071,20.2,0.04127370658521,3.72598386198072,20.3214695752009,3.39793726208878,6.52989369625567,104.21610912768,3.57573928786964,0,6.3,83.5885424190519,339.547860354671,44.5686477631357,8.38156056675314,115.566378438615,70.3587161736941,9,16.6666666666666,87.2989534694464,8.89237609520073,28.8,26.6401200207512,7.1,11.9061176738552,36.4180311393379,31.6,9.7,15.6,78.5022298543416,13.1054119009822,5.15396374754313,0.81338463440262,75.7023189294105,7.84796990530548,53,49.8715263327091,20.7608695652173,3.394307317,NA,12.752692687174,87.9277760751864,0.0512058211473,93.301572313547,1797.738,NA,24.3020386962732,6.46311566748384,78.172255993443,78.6,26,13.399577221106776,26.145073289042482,234.24861981698794,87.4367138971782,174.79278550934325,279.803353267237,248.99591474486508,382.9639329909224,123.39346081718703
51149,Prince George County,6725.04590456049,17.2,7.86787322248473,16.3246268656716,2781,17,42.4,11.2672643566755,3.68301064021774,88,3.42301458670988,11.9,3.8528314932,9.23395445134575,9.94412872858789,5.3048027853,3.35443945331167,464.1,16.982162204,40,43134,19.5391106783511,13.9147772059164,31.1471229192748,0.92502434274586,9.93879538183335,43.6453841517132,49.0560334805859,0.40952263476008,11.3,407.4,122.872907683034,76571,40.3974588695227,74.8575175266051,63.5060554959374,23.8,0.46367134974729,2.09811285760652,29.3270960777258,6.94816045013375,6.76410498192676,37.0937079797839,4.22549517521584,0,8.1,52.9141744331617,342.69743930767,51.6488908400692,NA,85.7791997032503,37.1192745873053,8.6,44.4444444444444,61.7945968030233,10.7947301317467,38.9,23.3490939717642,7.2,5.83022388059701,17.9548197130059,37.5,11.3,16.3,79.4008995325748,11.7460803840457,NA,0.85505636393436,70.9088069956277,10.9022855777653,42,29.9102126326369,NA,3.345859906,NA,14.6320838049127,88.4525296689569,0.01602673927375,89.3811074918566,-589.3896,NA,21.1829543822073,3.41442594963721,59.0752032520325,70.1,9,14.285648743864812,14.701550526738613,87.96452214051565,72.93004668662674,44.05078825482521,NA,157.7142044811579,NA,86.79373987681751
51147,Prince Edward County,10071.5618703174,20.3,10.5234802909221,63.8336677001641,2966,19.9,41.7,8.09094633346989,NA,67.5,3.94868711164562,24.6,4.2309594404,11.0340479192938,25.0804140776364,5.4331298731,5.11596337030049,620.1,16.126448831,45,21927,15.743147717426,16.9471427919916,31.2491448898618,0.39221051671455,4.06348337665891,48.6523464222191,66.7353196942652,1.38134705153853,12.9,221.6,300.998768641401,57400,88.662486938349,72.5992472987738,61.7614516485948,27.4,0.10945409768778,1.26784329821681,28.4310715382253,5.12741229343572,9.17601707165967,41.0452866329183,4.915301305193,0,7.5,61.1027500342044,497.962136819252,44.5612940599795,NA,104.893510284124,80.7679985354021,7.6,28.5714285714285,88.1888652738705,18.052738336714,30.2,20.6672571597283,12.7,10.0310049243115,18.1480248265406,37.4,12.7,18.2,75.0002866657978,13.2283297910805,NA,0.82262470308788,60.9492988133765,12.8557128557128,47,36.8770193996493,NA,2.855692849,NA,11.8638129429335,75.0943905070118,0.00578791937508,88.4208030350932,-10341.4,NA,23.9094076655052,9.44386149003148,51.0939167556029,55.6,5,8.3666833083914,69.70557989357951,166.1778924388552,109.58210600644331,81.79123373042286,323.0577567739326,197.59530316462383,472.48465214284965,142.74600307180603
51157,Rappahannock County,9801.53226015636,13.7,11.4738124238733,27.0014850816794,1970,15.1,34.6,NA,NA,NA,2.52756117235816,15.2,3.4116928645,6.42201834862385,NA,5.0832091963,4.73533205168763,216,16.033719021,34,7502,16.4622767262063,29.0189282857904,3.85230605171954,0.50653159157557,5.03865635830445,50.0266595574513,100,0.44905978108335,8.6,198.1,106.638229805385,85575,39.5750332005312,71.3956170703575,52.7406417112299,20.4,0.06664889362836,1.2396694214876,16.1797752808988,5.12908118977536,10.9630185845691,26.6595574513463,9.3603744149766,0,6.8,87.4166888829645,369.921504672779,NA,NA,26.6595574513463,38.6908002177463,8.8,28.5714285714285,133.843212237093,14.3362831858407,55.7,54.4538730317193,7.3,10.8005940326717,11.9242409759803,32.6,10,16.1,78.4336112140998,NA,NA,0.94414256152208,74.5660644704215,9.33823529411764,46,2.71610915695405,NA,2.962122282,NA,28.7711350915774,86.7162592986185,0.0062004579107,90.5711206896551,5010.838,NA,24.0560911481156,13.1147540983606,84.5331069609507,61.9,2,29.701994410651153,77.95293022321896,103.28252703089169,89.82574574668476,121.47630580759682,NA,110.2584559192623,145.64636073944723,NA
51029,Buckingham County,10026.3365352361,21.8,11.9415301190616,11.8014987903463,3067,22.6,40.8,13.8408304498269,NA,87.5,3.93676379417235,22.6,4.3829893874,7.82422293676313,37.686232800422,5.3157196703,4.59087874488859,401.3,15.548359197,45,16982,17.4832175244376,20.3980685431633,32.3813449534801,0.44753268166293,2.60864444706159,44.1349664350488,100,0.37304153195722,12.9,378.1,58.8858791661759,55965,78.5825142265908,81.3242784380305,44.3342151675485,28.5,0.02944293958308,0.45930985749617,25.3395163961576,5.00876628870396,10.4512856393213,58.8858791661759,6.25,0,7.4,62.0127193498999,461.640495790813,90.259496051147,NA,58.8858791661759,32.715168806467,8.2,42.8571428571428,101.960692395138,14.5378151260504,62.2,NA,9.9,11.8014987903463,28.0802715169419,38.8,13.4,18.2,75.9338194533633,17.5794297232997,27.0234986945169,0.78894779771615,75.4832146490335,12.3187108325872,37,0.14878606731867,25,2.563703889,NA,14.9402703885681,68.8368938623262,0.00613841014712,84.1286224692338,-1921.94,NA,22.2942910747788,5.10204081632653,58.8844621513944,55.7,5,28.91148795603614,84.89753265681448,174.40844635187756,84.44569083184926,85.30722524948082,342.46131900867647,193.76762851633632,454.4855530474926,162.1494766131591
51660,Harrisonburg city,5529.85434178814,20.6,14.0745522026787,134.162939918335,2419,18.5,37.8,7.82603117582911,2.69168860392878,88.7000759301442,3.44882900224575,20.7,4.446252439,7.19696969696969,4.30670176628606,5.6178234838,5.2053441219363,991.6,17.999059561,47,51158,16.6992454748035,10.4284764846162,7.95965440400328,0.86789944876656,21.200985183158,51.5755111614996,0.62145366117265,7.41724809346097,13,179.8,674.38132843348,56057,72.3144104803493,69.7197133528389,61.4620355411954,28.5,0.29320927323194,4.53692482114234,24.5493358633776,1.47415745617468,12.3078877175155,142.695179639548,5.99225336067441,NA,7.1,63.6811446890027,321.987507451534,41.6673611226853,5.72939620978404,301.0281871848,98.7377928745127,8.3,36.3636363636363,48.8909281002489,20.4776119402985,13.5,13.9549635267998,11.3,14.388489208633,20.0213170658211,37.1,13.1,18.2,78.6318035644948,7.14559718388254,NA,0.86062731499724,38.1169058452922,19.9322074934931,57,170.310548170984,13.1428571428571,2.758699326,NA,12.9386421806637,81.9099288297748,0.01464812481016,83.6117982873453,-954.604,NA,31.1593556558503,7.32004880032533,43.066263542454,63.5,12,10.8663350944384,31.78871988787956,145.0889422667558,31.33687806291435,121.21689642126518,367.8415127058938,152.06487115512635,422.4400831712893,213.15667535791525
51007,Amelia County,11804.7037072115,18.1,12.2847301951779,7.53693096171239,3624,19,39.6,11.8657937806873,NA,87.5,2.93930727677152,14.9,3.9694742373,7.73305084745762,31.7717691397519,5.612979533,3.91404995826109,263.8,16.066358263,39,13455,20.7506503158677,21.4418431809736,19.0635451505016,0.661464139725,3.82014121144556,50.1895206243032,100,0.88207247298156,11.1,158.1,74.3218134522482,65835,55.9021406727828,81.9542687942095,36.6624122527121,25.9,0.05945745076179,0.58714232627276,6.49021029731689,6.15392658118881,11.1227701993704,37.1609067261241,7.74216780698595,0,7.7,74.3069490895578,533.878815034311,NA,NA,22.2965440356744,31.4134941575575,8.6,45,128.322639780018,15.0943396226415,72.1,43.1176604864686,7.8,9.7980102502261,17.5501849340447,36.9,12,17.9,73.3541369386607,24.4424075771463,NA,0.8311202876366,84.4047166222898,10.1497180633871,41,5.92127031769039,13.3333333333333,3.108442878,NA,18.7268875845164,79.0604792696843,0.00470469917422,86.3891439649015,-911.3574,NA,18.9519252677147,8.51063829787234,78.1197427016328,69.3,3,32.91726883041787,44.5756160408576,141.03326631765833,104.7686283780157,55.22840790876209,338.3800720554657,171.08531495638334,498.18573094198274,158.0683436565165
51097,King and Queen County,13008.9355878349,17.5,10.6041294927351,30.0210147102972,2423,18.1,39.5,21.6450216450216,NA,NA,2.6349125918419,20.8,3.9694496093,9.61538461538461,26.5354861096936,5.3284179431,4.88390081421169,255.2,15.545574057,49,6718,17.8178029175349,23.9356951473652,23.8463828520393,1.84578743673712,3.87019946412622,48.8835963084251,100,0,11.2,188.5,NA,62180,48.8484848484848,79.987684729064,67.0951156812339,24.3,0.04465614766299,0.53587377195593,26.3458401305057,4.97570469398057,9.51724137931034,NA,5.99835661462613,0,7.3,66.6716284608514,546.170890680352,NA,NA,14.8853825543316,22.2608958837772,8.9,22.2222222222222,147.084270635058,16.3410301953818,62.7,NA,6.8,16.5115580906634,23.0253511927456,37.8,11.6,17.2,73.3410693289443,NA,NA,0.79142383399274,77.6716206652512,18.7042036251446,48,6.77375384308759,NA,2.878454429,NA,28.610917267592,71.1606510969568,0.01539304066423,86.4309052469729,-3438.391,NA,26.0855580572531,3.06748466257668,72.4471830985915,55.2,3,22.9372069160372,49.72754193548264,96.72230534604289,59.223831039014456,37.812925295096754,NA,150.53601290848593,NA,95.55149900648168
51041,Chesterfield County,7367.91889100194,13.5,9.02865135627319,80.6608252762431,2508,13.2,35.8,10.3874748129791,6.08514465083113,90,2.7964782415951,8.6,3.1910935072,7.97300223778243,10.0057747614337,4.6817914971,3.72381655840629,430,18.411926369,47,378408,23.2672142238007,16.3379209741865,24.5005391006532,0.64586372381133,10.6874061859157,51.5956322276484,8.03104117976233,2.88755342887901,9.2,240,242.331028942305,100149,37.8115942028985,75.7128166269755,72.862611654615,20.1,0.14983826980402,3.87888205323354,21.9989073197949,8.1912144056985,7.64851727400254,79.8080378850341,4.3299105372174,0,6.7,58.136984418934,338.33179626221,51.7636815392129,5.97726439310597,88.2645187205344,80.4066954145956,8.9,26.2068965517241,78.6971007221417,11.0744321307867,40.1,30.8763236837118,5.4,8.17398998618784,38.0934311594554,36.2,9.1,15.3,77.9804340337165,15.2771592376077,8.07254282706479,0.83945035723814,77.4026419370229,10.1381860056365,53,65.8984887493649,23.2151898734177,3.271255964,NA,14.8942852169948,92.6720539122137,0.11761923046351,92.6193752023308,-1491.303,NA,24.9158753457348,5.74417409984588,80.8976062511155,75.2,74,13.762812588496429,31.02038986945943,110.48740753016264,73.88729356094049,28.064207238267514,356.1436277211194,144.48771337632013,503.1561627490979,110.68976104683792
51177,Spotsylvania County,7311.56515379083,14.6,9.7188543715972,48.0247222918232,4475,13.7,35.9,12.4976566893707,3.37518563520993,87,2.94934323161695,10.1,3.4423246587,7.75393682659545,12.5514715809369,4.9260050962,3.81130757014293,324.3,17.206364656,41,146688,24.1055846422338,15.3461769197207,17.5719895287958,0.51060754799301,12.6520233420593,50.2624618237347,32.0405335923217,1.6040081368191,9.4,197.5,115.210514834205,96322,39.1165334455195,72.7563550811958,67.6059053599956,21.4,0.17997382198952,3.11886452879581,18.5348197480816,4.97930416469968,8.33558287728942,44.9934554973822,4.98403253541501,0,8,62.9281195462478,343.132305777621,48.5345269231806,5.25781754450696,89.9869109947644,84.4185614716636,9.1,32.051282051282,77.0115998722307,11.5473441108545,49.6,36.0950423100827,5.8,6.1944931651772,24.8775403792563,34,10,15.5,78.7955547508547,8.02204165335737,4.32906271072151,0.72169823923905,78.9055390402232,11.0782501540357,41,50.8779639487617,10.1242236024844,3.167759908,NA,11.0689912726013,93.8360735303039,0.03525719301101,91.0277031173943,-188.958,NA,23.9633728535537,5.9787157718522,76.9797628781684,73.6,35,14.785673514963605,68.85327659676669,86.72176993091911,102.54744605788949,56.33857909087872,NA,92.45469992702499,139.95325901249137,NA
51163,Rockbridge County,8992.31965480687,15.5,10.0744741795564,92.7520869219557,2442,16.9,34.5,7.57575757575757,NA,86,2.87244850835873,17,3.721867848,7.8720787207872,22.1339674187999,5.2514567504,4.07429300732182,141.3,15.653561895,47,22593,17.0362501659806,27.6590094276988,3.42141371221174,0.66392245385738,2.20864869649891,50.4713849422387,90.0794701986755,0.11025358324145,9.1,95.1,4.42614969238259,64393,42.2888616891064,80.0983047447086,64.6906660918301,22.3,0.01770459876953,0.80555924401363,19.087754090233,7.29514072609143,8.95661349388616,4.42614969238259,5.55961960497439,0,6.8,91.2185190103129,380.943057843812,NA,NA,35.4091975390607,53.5099337748344,8.1,25,92.6072921627771,10.2150537634408,40.9,14.712156655044,9.5,10.6002385053663,47.0686222717064,33.3,11.1,17.3,77.5208236858395,21.1673810657776,NA,0.95408592268131,78.2023911187019,8.08237378210806,45,15.7928451665982,16.3157894736842,3.092419859,NA,21.7671910819404,82.728437233134,0.03007396729011,90.6106870229007,1991.174,NA,27.1256192443278,2.03458799593082,67.4312176518659,64.5,4,15.368386210667502,38.48094545167689,192.61227590841247,38.029103626711674,125.3850684241643,318.40504296951,199.58820479678306,378.620943913573,168.7638009693994
51023,Botetourt County,6831.16110615727,13.6,7.06740827677706,56.1034666036733,2012,15.6,32.6,9.0283091048202,NA,93,2.55018377155781,7.7,3.3639421278,6.60919540229885,9.83053020750967,4.8067115375,3.88568906543087,209.6,17.179897521,45,34135,18.1426688149992,24.3767394170206,3.07895122308481,0.35447487915629,2.22059469752453,50.0952101948147,59.4386236456721,0.12988217830967,8.5,101.4,49.802255749231,81122,28.628942071125,81.7147911796297,64.714494875549,19.9,0.03515453347004,0.98139739270543,13.7025316455696,10.847337600046,6.20732224837004,29.2954445583711,3.65944734876773,0,7.2,91.8734436795078,339.590796990421,NA,NA,70.3090669400908,66.966305512561,8.4,25,87.820440058069,7.1753986332574,34.8,26.7543946570483,6.4,18.0121655938109,20.8910150835591,34.6,10,16.2,78.2935907444361,14.3380310298888,NA,0.76233854963073,86.6986683183648,8.65937180193655,47,25.1365265867614,17.5,3.279340648,NA,15.7276577399944,85.6921647568906,0.04221063803789,93.5920613876501,3953.684,NA,19.225364266167,11.6999311768754,78.9497290226126,73.3,13,26.314183073783887,30.711521640178585,225.99245608852806,71.40923780177394,158.76525189832458,291.4508857537952,232.96838497689862,381.5025297792086,141.5275829772593
51137,Orange County,8866.85101967657,15.2,10.104416928479,45.7136710766914,2377,16.4,36.8,19.2363742349169,NA,86,2.97811878374538,13.2,3.6360840063,7.32118758434548,21.520606959373,5.3410653913,3.87907416154936,263.5,17.32386284,50,37991,21.2734595035666,20.5864546866363,12.4529493827485,0.63699297201968,6.79634650311916,51.0752546655786,56.6834004523638,0.66550925925925,9.5,183.4,68.4372614566608,81390,45.3224522292993,75.4758334294613,52.9289187311877,21.6,0.11318470163986,1.33979100313232,19.6453992493852,9.95128564816065,8.73194330880349,31.5864283646126,5.0253117668848,1,7.7,76.0127398594404,394.822828685471,58.8287201811924,NA,52.6440472743544,57.8639598389143,8,33.3333333333333,109.937124629706,11.4183123877917,56.7,35.7353440420247,8.8,7.52931053027858,30.1841488011238,36,10.6,16.5,76.5461285202188,11.3728059961765,14.1272621132516,0.76292883512921,78.3283248305262,11.2237456242707,52,2.87030365745168,16,3.10435965,NA,15.0294663184518,88.3569781256552,0.00988833098161,89.7829155697989,897.751,NA,24.5275832411844,7.36454497632824,73.9497594869054,69.5,11,26.544507418996183,77.87939043103964,112.72830604538375,81.67898801658929,77.16924583863432,395.59649835314764,118.49748193131462,322.3082345734963,215.2847757837052
51063,Floyd County,8161.5609521624,15.5,10.1612721326265,32.121289991006,1872,17.8,31.8,14.7563486616334,NA,97.5,2.5103123158515,15.4,3.8435103675,7.73993808049535,17.2689594997455,5.5829778104,4.96470121628767,109.2,16.522731467,37,15619,18.7463986170689,24.604648184903,1.86951789487163,0.25609834176323,2.92592355464498,49.3373455406876,100,0.47071481406764,9.1,147.7,108.841795249375,62561,51.0698198198198,79.417194092827,66.7180752621838,21.9,0.03841475126448,0.52500160061463,15.5215379138483,9.39786726746867,8.9444679949131,19.2073756322427,5.42207792207792,0,6.9,92.6755874255714,381.030321097653,97.65625,NA,70.4270439848902,27.0806409925045,8.3,57.1428571428571,106.813153276874,11.945905334335,57.4,NA,7.4,13.4909417962225,61.1331661754375,34.4,11.1,17.6,77.5625565672329,15.2590218966964,NA,1.00146942947803,86.2809917355372,9.91864831038798,30,0.4628134448954,24.6666666666666,2.924322919,NA,20.2908311653289,78.2870022539444,0.02986243166837,90.84374465172,-14.2998,NA,22.9344160099742,8.95522388059701,75.2358113509192,62.9,5,30.778740646431558,63.12999026341907,219.22210346765704,128.49226560784504,215.8483372200101,237.8513497617355,290.0514664555319,377.21013839129705,114.78140039902583
51125,Nelson County,7841.72479697554,15.8,12.55005005005,81.1359026369168,2209,17,37.2,19.3675889328063,NA,87.5,2.77176852352623,17.6,3.7773431004,7.3170731707317,27.9093043846479,5.2903521891,5.1946697566628,216.4,14.952160569,46,14652,17.007917007917,29.6273546273546,10.3398853398853,0.63472563472563,4.91400491400491,50.9759759759759,100,0.75316185874662,9.7,207.3,136.500136500136,66612,57.5422626788036,57.9214780600462,45.1647564469914,22.6,0.04777504777504,0.98962598962598,9.00195694716242,2.10732138481973,11.5834522111269,47.7750477750477,8.72005988023952,1,6.9,81.2312312312312,387.370929731575,NA,NA,81.9000819000819,55.4991539763113,8.7,25.8064516129032,121.205591617959,13.125,52.2,NA,9.1,10.8181203515889,23.1796298858559,34.4,11,16.7,77.583818502715,14.8140167533062,NA,0.8668744277766,79.044357469015,13.43230191379,53,7.43751347237343,NA,3.087161334,NA,19.2161145530607,78.0821917808219,0.01099236119508,86.5958978049658,-117.2813,NA,26.2220020416741,8.73362445414847,77.9748953974895,48.8,4,34.63100555043215,47.14838291494744,187.3854402693271,46.69654108998223,98.82764655870594,329.47750585937916,194.361774577875,425.2163739402779,149.16566335794593
51127,New Kent County,7632.18851283917,13.1,8.87715930902111,29.2923797966271,2701,13.9,35.7,6.35230881993647,NA,93,2.39100920199125,6.5,3.2540893399,6.93430656934306,17.920229378936,4.6577661225,3.285451595457,226,18.915239296,49,24986,19.1707356119426,18.6424397662691,14.1359161130232,1.06459617385736,4.29840710798046,48.1589690226526,100,0.57767229412028,8.5,150,124.069478908188,115627,24.9083129584352,74.1785980302905,63.6785657115415,19.2,0.07204034259185,1.30072840790842,8.91604435392622,0,8.16252021071298,24.0134475306171,6.02083333333333,0,7.7,76.6589290002401,358.340890237121,59.8056316969848,NA,36.0201712959257,85.9402920026149,10,19.3548387096774,79.3311771526209,11.090573012939,58.9,28.3141740755422,4.2,10.0431016445578,20.6151484631568,33.1,9.5,15.3,77.2188711264358,NA,NA,0.83339565933989,92.3458213256484,7.94076492537313,49,28.0537520358963,20.9090909090909,3.361127588,NA,13.1802450317388,88.8876080691642,0.00660734020483,94.1419236501203,2764.014,NA,16.1856659776695,8.26446280991735,83.2144910868315,70.6,7,25.25993277619001,29.695385877555918,76.69014928811617,39.191674981087736,9.7482264530520375,NA,144.220327729025,NA,75.51934926946973
51103,Lancaster County,10785.0955375573,16.1,12.280015643332,36.6032210834553,1215,16.4,37.3,25.0320924261874,NA,87.5,3.58065706902916,24.1,3.5981702864,12.410071942446,19.8263214243229,5.1876558913,4.94095463029979,384.3,12.702990199,53,10750,14.7348837209302,38.6139534883721,26.3348837209302,0.30697674418604,2.66976744186046,52.260465116279,100,0.63706380146429,10.3,338,93.0232558139535,60857,76.7491926803014,75.7146471034657,68.0189317106152,23.1,0,0.9860465116279,46.3949843260188,2.13356892971802,11.2540668441289,9.30232558139534,8.33812535940195,0,6.9,68.5674418604651,514.746393226977,NA,NA,102.325581395348,70.9039289312208,8.9,66.6666666666666,119.136262099776,9.55534531693472,28.2,NA,8.2,24.7071742313323,25.2187821135228,35.8,10.6,16.4,75.1254088284757,22.3380491437081,NA,0.7532404494382,82.1878579610538,10.1797577178585,48,0.24312785385553,16.25,2.632539146,NA,19.965115923648,73.2722413134784,0.02049782392637,86.3599954228172,-8070.57,NA,26.6526447245181,12.5,81.2265758091993,52,5,9.431295857457885,76.51397670873905,112.60138814504106,75.82303927176821,67.11982685607107,NA,169.11256945645903,NA,111.43052239564447
51139,Page County,10503.8594117399,17.4,11.6766683536982,25.2026714831772,3043,20.1,38.3,23.2346241457858,NA,95,3.38927548096602,17.7,4.1123757586,8.5956416464891,18.5978426502525,5.4717247852,4.04351855427269,268.8,16.319320396,38,23750,19.6631578947368,22.2947368421052,2.24842105263157,0.29473684210526,2.62736842105263,50.1684210526316,79.9991564384832,0.54996230097130006,9.9,68.4,50.5263157894736,60061,59.0749601275917,77.6706300908154,41.1917579357713,26.1,0.04631578947368,0.50947368421052,19.8143068157839,NA,9.99244631488076,16.8421052631578,5.16545601291364,0,6.9,92.8884210526315,519.039587701523,62.4399615754082,NA,88.4210526315789,59.4542156986798,NA,27.2727272727272,93.8762509848624,10.3558151885289,50.4,34.8957315541163,11.9,10.5011131179905,47.1439890492877,35.2,12.2,18.3,74.5646598877467,15.0872546225671,NA,0.77389315807907,71.650090899369,11.5253077975376,31,3.61232260640684,35,3.051173889,NA,19.2328026394177,76.8794781306812,0.02540126234033,82.4176457037549,1591.974,NA,29.0820998651371,5.80912863070539,66.0892527066279,62.9,9,11.748585576624247,63.873037291828744,128.19687700798212,63.42119546686354,135.837855967412,399.29418284435314,135.17280589635274,420.6576251830681,241.16371671913691
51017,Bath County,8875.04439170486,19.9,9.3339176161262,NA,3687,21.7,40.7,32.626427406199,NA,NA,2.45967741935483,15.3,4.5450530308,5.92334494773519,NA,5.9541463316,5.55608160874658,243.1,14.277641995,44,4049,16.226228698444,29.5875524820943,3.70461842430229,0.24697456162015,2.39565324771548,48.6292911830081,100,0.40302267002518,11.3,NA,24.6974561620153,59763,57.9681274900398,87.7468060394889,66.9623059866962,26.7,0,0.54334403556433,21.8068535825545,10.4824768423753,8.45550630753495,49.3949123240306,5.71010248901903,0,6.1,91.5534699925907,438.800439847458,NA,NA,123.487280810076,100,7.1,25,114.454671181267,11.2021857923497,30.3,NA,12.7,12.1536217792902,NA,36.5,13.5,19,75.730972396158,NA,NA,1.44270655409692,71.1286089238845,15.4970760233918,40,1.97716837685482,NA,2.866002005,NA,NA,73.0708661417322,NA,86.0428971091078,5135.318,NA,29.2271137660425,5.52486187845303,70.5500705218617,40.4,3,15.031464342393603,72.14045836826786,226.43714083177215,72.61682649397099,159.9728468120408,356.1238521620493,233.41306972014272,366.1809470677082,207.96445485031063
51036,Charles City County,10378.8674939464,20.3,15.3846153846153,15.1653017895056,3042,20,40.8,10.1936799184505,NA,NA,3.1059345535219,18.7,4.2013910424,9.36454849498327,39.2286410372878,5.4705461146,4.67182039203768,288.1,13.942435589,50,6605,14.337623012869,27.115821347464,42.3315669947009,6.7221801665405,2.52838758516275,50.340651021953,100,0.20003077396522,12.7,302.5,30.2800908402725,67596,66.2878787878787,81.4400993171943,59.1851851851851,27.4,0.09084027252081,0.59046177138531,34.7263681592039,0.71857267757657,14.3727673881067,15.1400454201362,10.4615384615384,1,6.6,44.7085541256623,462.049125560893,NA,NA,90.8402725208175,19.0905064225602,9.2,50,87.404947120007,13.5,70.1,NA,7.4,16.6818319684561,13.1412580346366,39.6,12.5,17.9,75.2275231145144,NA,NA,0.86063382290032,84.6471600688468,12.0043258832011,47,0.82411683523265,0,2.877438744,NA,NA,69.6729776247848,0.00521592767447,84.9145218861544,-9314.455,NA,23.995502692467,10.2564102564102,76.3058419243986,67,2,25.119343160454477,32.34030862839771,82.87282736159901,45.16261524945943,26.205440045967478,NA,155.9545653068854,NA,81.70202734295258
51159,Richmond County,8557.98588324701,20.9,11.9041858214372,11.0901630253964,3755,20.6,38.8,14.5732130464954,NA,92.5,2.87859824780976,19.9,4.3331408797,10.5172413793103,20.7105305082045,5.4513881564,4.04425994504838,366,15.556572809,48,9080,17.6872246696035,21.4647577092511,28.8876651982378,0.51762114537444,7.86343612334801,43.3920704845815,100,0.98027636707216,12.5,389.7,187.224669603524,60180,71.8518518518518,76.714463840399,41.1657559198542,28.8,0.06607929515418,0.63876651982378,18.0878552971576,2.3760610010869,10.3153393907001,33.0396475770925,5.90500641848523,0,7,59.8898678414097,463.960392328293,NA,NA,77.0925110132158,55.228062310882,9,23.076923076923,102.022711142654,10.5442176870748,35.6,NA,7.5,14.4172119330154,11.3889731805558,41,13,17.8,76.7223674185233,NA,NA,0.9546282937201,68.5956245589273,7.6697247706422,43,12.3022101105887,17.1428571428571,3.151883826,NA,NA,78.7226534932957,0.00205206818401,75.0626381724392,-2105.149,NA,26.9524759056164,10.0502512562814,56.9326856349757,54.8,6,20.06819605475992,85.82639622883262,137.6287107797281,93.75909199878275,75.38110069956278,NA,140.52944286564048,178.8644143048702,NA
51069,Frederick County,6841.92428954633,14.2,10.4911691723835,44.8157751528538,3491,15.7,33.4,14.5027992535323,1.78395350044112,NA,2.42798593710545,9.1,3.455029145,7.40023823704586,12.9742072759354,4.8876048611,3.56236878936319,243.3,18.254143979,41,95051,22.4374283279502,19.0571377471041,4.49127310601677,0.67963514323889,11.3959874172812,49.9479226941326,39.4097507082772,2.34574020494968,9,143.2,87.3215431715605,97091,35.5309311224489,79.7240511449181,60.8049643840405,22,0.10099841137915,2.26509978853457,19.6332565284178,4.97452221337898,8.93829759242205,12.6248014223942,5.06107418717442,0,7.7,79.3815951436597,335.018168324598,34.2825546032623,5.47823511992893,35.7702706967838,77.8404926765771,8.9,39.1304347826087,72.3850080625763,9.50303785636392,40.5,22.2506739036071,6.7,7.68270431191779,30.515926517777,33.7,10.2,16,78.7222865836039,10.9134319848191,NA,0.81669578607598,77.4527345380807,8.42867220807901,50,43.4011148992459,21.4432989690721,3.106480502,NA,16.3515290240564,87.2875290749687,0.03874789803003,88.6854591996004,NA,NA,19.2757310152331,4.03225806451612,75.4031883609348,76,20,15.224544910997313,62.751823835629395,105.60927567439296,91.55054177740834,121.23688794647084,NA,112.58520456276358,116.07410511044179,NA
51165,Rockingham County,6389.17940381542,14.7,13.3546272520406,24.8832855416261,3304,16.2,36.9,13.6761768170875,2.462638259548,NA,2.55646100116414,11.5,3.6371956663,6.3913470993117,14.5999268244631,5.1950034203,3.53536693191865,285.6,17.707184398,44,85397,21.6974835181563,20.5136011803693,2.52584985421033,0.59369767087836,8.50966661592327,50.4724990339239,59.2810153181226,1.93322726469176,9.4,105.1,29.2750330807873,72921,41.5312387143373,79.5031206154144,58.6104269293924,22.3,0.06557607410096,1.249458411888,13.0460867193891,2.77830466649039,11.3086888979382,18.7360211717039,6.17079604820772,0,7.1,86.0826492733936,317.152380362498,58.9419912569379,6.35876840696117,36.3010410201763,51.126473011211,9.1,40.3225806451612,70.9480957384819,10.0303465900015,27.5,12.8675287910956,7,13.3895774581131,48.575771242431,31.8,10.8,16.6,79.034201755788,11.4589707893768,6.04351329572925,0.7802906448683,75.2404150322662,7.36800887554656,49,21.3718513714465,8.91566265060241,3.110081592,NA,16.4200128175357,83.5663672023282,0.03899482813227,87.1787728950484,NA,NA,23.9533193455931,4.66595970307529,71.6614881439084,69.9,22,19.69135119053759,39.67269279909664,147.53305280860735,39.22085097413143,123.41884143909452,375.72549705626216,154.50898169697794,430.32407435906396,218.6024846180949
51179,Stafford County,5839.87128205112,12.9,7.03083520522769,26.1069015459015,4086,11.8,37.5,9.04733833969808,3.51216919163154,93,2.87287274071531,6.7,3.1218073822,7.86226917184098,6.26495044993735,4.558000306,3.49295706157911,377.3,19.278289966,40,163380,25.8966825804872,11.5889337740237,20.5055698371893,0.88811360019586,16.2694332231607,49.2183865834251,18.6468867690072,2.58102916508846,9.1,187.6,104.663973558575,134456,32.7512834369089,67.3795364440378,72.5105352611115,19.1,0.20504345697147,4.19145550250948,15.3237006895543,4.32664864038651,5.94106157841643,35.500061207002,3.54722815953431,0,8.1,54.3830334190231,288.480639002784,45.2437507069336,5.81776466732218,56.9225119353654,83.1303727210741,9.5,29.1666666666666,52.7951444110147,9.56187707641196,54.3,23.8041091843479,4.3,5.34569888797031,31.9199929458471,36.3,8.9,14.6,79.4259250800191,8.86436992580001,7.10412747593228,0.72581277832898,79.5897680519945,8.48043054802498,44,65.9615480824167,12.6153846153846,3.19013548,NA,12.3638251358094,95.8837676147317,0.03117473080728,92.8968207067722,16.53418,NA,19.022579877432,6.09315294846638,76.3058789708207,77.9,36,12.313868123388245,52.718709335764785,70.5872026699172,113.87297669793725,66.97774051205967,NA,76.32013266602308,123.81869175148962,NA
51111,Lunenburg County,12374.3911453396,22,13.6340512124809,16.7700821734026,3073,22,42.5,26.8817204301075,NA,87.5,3.44363216621777,27.2,4.4792063822,10.6958762886597,24.6241879880865,5.5311695222,4.46322443706164,377.3,14.287886535,47,12031,19.8071648242041,23.331393899094,31.3357160668273,0.73144377026016,6.98196326157426,46.3136896351093,100,1.89174986862848,13.2,330.3,74.8067492311528,47660,78.7181082762912,81.8042142230026,47.4507138001359,28.7,0.21610838666777,0.4571523564126,36.7590618336887,0.01850134002662,11.6840171463564,33.2474441027346,6.71422576584137,0,7.7,58.4240711495303,540.87921329092,99.1866693116445,NA,83.1186102568365,22.4865951742627,8.8,40,113.655081535167,13.31096196868,44.6,NA,9.7,14.2545698473922,8.46885949961966,38.6,13.5,18.5,73.7276990994652,26.354801515401,NA,0.69976588046359,69.82041173894,6.92671394799054,48,0.71742952119128,32.7272727272727,3.003322909,NA,27.2924780727033,62.3959702146298,0.03120578078406,78.7475849528355,-8596.432,NA,26.1791859001258,3.52733686067019,61.9082001031459,54.4,4,28.481829825573563,59.39341571335221,146.61971085642654,124.13769886720769,88.834618817626,317.0703117204717,204.76770337792107,509.07970763307696,138.53049552870885
51840,Winchester city,9861.3367701743009,16.7,12.9514932237689,255.899914700028,3316,15.8,38,20.0719822812846,NA,90.5657534246575,2.72221486289574,21.7,3.7733690742,8.48869496231654,7.18855581913593,5.0270023411,4.16270733764408,501.1,16.729089229,40,27936,22.0611397479954,17.3897479954181,10.6171248568155,1.47479954180985,19.881156930126,50.5333619702176,0,4.46519717191576,10.3,287.2,762.457044673539,60557,67.6879661358597,71.5403969807101,59.24,23.6,0.12170675830469,2.74198167239404,31.8481582756956,4.36480857505889,11.1017024690257,243.413516609392,6.32656225771437,NA,7.5,64.024914089347,466.532067580954,71.1936807132928,9.14876690533015,905.641466208476,100,8,0,82.169855809766,14.3861293345829,21.2,44.0927616369139,11.2,18.8370770543076,20.2803626138545,35.6,11.1,16.3,75.302610816201,9.28876630893007,NA,0.96391011576,43.9422305429259,15.1049856627509,52,163.056152280339,54.4444444444444,2.932644207,NA,10.9705930782251,82.4552019256485,0.01516842389426,86.999308473855,316.0315,NA,30.9047674092177,11.0400929692039,62.2936487528927,67.7,8,9.243267949864705,61.27742198282172,107.29329152309546,90.97387422928786,120.60456507672217,NA,114.26922041146608,115.4417822406931,NA
51143,Pittsylvania County,11015.1411940343,19.9,11.1630121091309,8.33722403788434,2415,20.1,41.8,19.1897654584221,4.92652440740949,90,3.13825556733828,18.9,4.269525702,8.62271924661565,24.6326220370474,5.04706736,4.63660379107382,350.2,14.39566933,45,59952,17.7542033626901,24.9432879637043,21.0034694422204,0.36862823592207,3.12082999733119,50.0166800106752,89.0613378291268,0.55122043649768,12.3,176.7,23.3520149452895,49659,67.5006317917614,85.8692639664251,55.2929981761953,27.8,0.05170803309314,0.5571123565519,30.1621817522877,5.92445859838962,9.68201555997828,8.34000533760341,5.12615493958777,0,8.1,73.7523352014945,480.509947000492,95.2979581905553,7.27802037845706,25.0200160128102,36.270474868184,8,41.4634146341463,113.432302741886,11.8298034726197,33.5,27.7506438149365,10.6,13.673047422130301,23.2124446285147,36.8,12.9,18.2,75.2614923131771,21.4959174292205,9.89053948397185,0.78826525575977,77.3920855964389,11.2236251165155,49,11.1302467341248,11.0714285714285,3.440708537,NA,23.2118249123997,74.0597051496712,0.02636711318259,84.2097068374927,-720.3828,NA,25.1253549205582,5.00384911470361,70.130109619916,63.9,22,25.031992353226332,26.214649239309036,228.2343342965049,116.84508352577605,167.5773482775664,244.86735302117862,278.52189541182975,454.57932940099664,64.55558953317252
51047,Culpeper County,7542.102524028,15.2,11.5154896298241,33.584595865363,2472,16.1,39.5,21.4490795473737,2.75918394375679,89,2.79058860314234,10.7,3.6566091201,7.62273901808785,14.0718381131596,4.8627012261,3.86913482015398,371.3,17.250629436,41,54381,24.4625880362626,17.2578657987164,13.0836137621595,0.90472775417884,13.5819495779776,49.8703591327853,57.0653828588826,2.84319066933026,9.8,239.9,218.826428348136,94287,48.0808322372354,77.2519864684131,57.9312471096038,22.2,0.14894908148066,1.9308214266012,18.3400683866956,2.88075136737215,9.82373516837749,36.77755098288,6.11115105327485,0,7.6,68.2205181956933,366.86895787443,41.789277567864,NA,123.204795792648,59.0120261835896,9.2,35,90.5249304897855,13.4191702432045,50.3,33.1726857357451,6.6,9.70221658332711,30.6467569090057,34.6,10.5,15.8,77.8180400673663,12.9321329271122,12.383322962041,0.76012718402718,74.2522542335606,12.7136752136752,49,32.2386477670077,18.5245901639344,2.903826529,NA,15.9062667638017,89.4655817022212,0.03281583997451,89.3803063210447,-888.1768,NA,21.1725900707414,5.22273425499232,73.0495689655172,74.2,11,9.390499606836022,76.58816754808684,101.9178016240357,96.1720583544249,98.36280796106105,NA,108.89373051240632,144.28163533259124,NA
51167,Russell County,11386.5843162887,19.8,9.90990990990991,35.225048923679,4421,21.6,40.1,32.5186412593206,NA,89,3.57110154747733,23.8,4.5840934933,8.54357798165137,21.8270868824531,5.7771897551,4.57153028530743,184,14.880519705,39,25448,18.8855705752907,23.8093366865765,0.92738132662684,0.31829613329141,1.46966362779,50.8291417793146,99.3871455723207,0,10.9,40.6,102.169129204652,49537,67.3321759259259,78.7381259528556,54.4477717104104,29.3,0.0275070732474,0.25935240490411,17.1921602045164,0.98353222925308,8.46528311555214,11.7887456774599,4.07185628742515,0,7.1,96.2629676202452,563.69106236014,50.4633452610331,NA,157.183275699465,46.1425080485629,7.5,10.5263157894736,79.9523303087216,10.4783599088838,43.4,13.9624030564969,15.5,8.6105675146771,60.9467202023733,37,13.6,19.5,73.8145470978976,17.3481471424584,17.7848775292864,0.81118459480338,74.8419237401801,10.5762217359591,43,9.36307047626978,14.7826086956521,3.282269969,NA,16.7983488187918,65.5010538417321,0.06690421628891,82.9364040827008,1408.527,NA,25.1872337848476,5.69568755085435,61.7720350715274,52.5,14,12.270437391539883,58.46149613470976,143.47269848264634,219.271567687285,306.6276850905433,210.01423337900948,380.83082627139856,305.1188317379848,49.67342039498721
51185,Tazewell County,14596.6783028503,19,10.8616308616308,47.589229805886,3396,21,36.4,28.2143777376964,4.51313669943898,86,4.23249463623951,23.7,4.5450360573,9.9421965317919,15.2752319057934,6.1579204609,5.14250527797325,175.3,16.206955458,39,39821,19.2235252756083,23.7010622535847,3.39770472866075,0.23605635217598,1.27570879686597,49.7576655533512,52.294145291746,0.10924981791697,10.9,66.5,263.679967856156,48360,66.2790697674418,85.637431868054,50.044120891242,26.4,0.03013485346927,0.88144446397629,29.0789971021796,8.28300936079439,9.17644643651418,45.2022802039125,4.47052947052947,0,7,92.9258431480877,691.947835892042,49.2725059416845,8.1421169504071,155.696742924587,61.0601301046279,7.1,37.1428571428571,140.394780269853,11.4233353695784,32.1,61.1322687506712,13.7,12.0225422667501,62.8507255556759,37.1,13.2,19.2,71.2346250714016,17.7340775077709,11.1831442463533,0.84035994333486,72.632911392405,9.77702702702702,35,19.4179382019515,17.2972972972973,3.3018277,NA,23.6926253900008,83.7151898734177,0.06142419842344,86.3548896983025,-2479.82,NA,23.2196029776674,6.49026460309535,60.9650582362728,54,14,12.288101487217487,67.2818335575982,184.7016298587641,192.42541777899257,279.78148939115766,250.69212846699128,353.9846186266794,314.05648286940755,89.59560704400253
51009,Amherst County,10010.534178419,17.4,10.3473846329359,22.3835257250663,2357,18.2,36.4,18.0995475113122,NA,93,3.09889517650229,17.2,3.9580542082,7.84936479128856,14.9083812208608,5.5262335717,4.76657027183343,287.8,16.444315958,38,31589,19.6840672385957,22.419196555763,18.1328943619614,0.88321884200196,2.91873753521795,52.0719237709329,62.3662439709969,0.26533216900651,10.4,167.2,50.6505429105068,61271,56.4231738035264,79.4784037237319,56.8716997288426,24.7,0.04431922504669,0.60780651492608,26.1970014509108,3.86682180810947,8.86000931295771,22.1596125233467,4.72416472416472,0,7.4,74.8456741270695,468.84010658597,57.8640917145853,NA,72.8101554338535,83.4605679241064,8.7,34.7826086956521,102.024650676467,10.2384868421052,34.4,30.6732243905018,8.5,13.1103507818245,29.2068098896098,36.8,11.7,17.7,75.767939276618307,18.3771109914134,NA,0.77997261524418,75.7035275465715,8.79303193695562,54,19.7163258855226,NA,3.098801454,NA,20.6176357797953,79.0091161315893,0.02234981070512,87.7156041395994,16.39063,NA,20.3636304287509,9.33997509339975,66.988378963955,67.9,10,20.54297267386129,72.7901753159132,210.35272938397205,72.33833349094799,122.40095137783871,310.38454036309133,217.78538762454681,419.3319416135782,130.07268013385718
51193,Westmoreland County,9826.40909566679,20,11.3842551946151,21.3549730393465,3732,20.1,38.7,23.564553601062,NA,89.2675159235669,3.16798666110879,22.7,4.2106984818,10.9149277688603,23.8614129137966,5.5189786762,5.8490720655579604,475.1,14.888601316,42,18712,18.122060709705,27.2445489525438,24.4548952543822,0.83368961094484,7.10239418554938,50.3313381787088,78.4867673323591,1.68239172445151,11.7,190.8,10.6883283454467,61545,76.5769944341373,74.7723392145703,43.250829293187,27.3,0.15498076100897001,0.93522873022659,40.7363420427553,NA,10.0175361683472,10.6883283454467,6.02945262572937,0,7.4,63.9589568191535,459.158464830335,NA,NA,10.6883283454467,21.984088326027,NA,44.4444444444444,112.700955748301,15.4235145385587,53.2,36.43319063667,9.9,18.6856014094282,30.8784426632735,39.4,12.6,18,76.044650957467,13.2589359703883,NA,0.74024897588345,76.570480081716,15.9508373851971,39,1.34643649348455,34.6666666666666,3.016503383,NA,11.6334579285864,79.5454545454545,0.05639626383605,81.8547807332854,-5150.1015,NA,26.3546998131448,9.14285714285714,70.6032647267565,55.8,6,35.40480800153601,92.56387964924822,115.54886119552447,111.74903056604784,80.41901953932333,NA,118.4495932814368,156.78456472066654,NA
51145,Powhatan County,7217.57445961832,12.8,8.35180280015136,54.5991778006166,2132,14.2,33.7,4.96327178876315,NA,91,2.53776023948836,7.2,3.2917678752,6.07734806629834,14.1325536062378,5.1228747505,3.49684988870864,195.9,19.123853236,46,31489,17.958652227762,20.1022579313411,8.35212296357458,0.41284257994855,2.66442249674489,47.9151449712598,98.0911878152507,0.17814319972593,8.2,227.8,53.987106608657,105231,20.5355064027939,77.8371954842543,65.8387568070128,19.1,0.08256851598971,0.68595382514528,15.9746788307577,1.09309587536383,7.74038660540585,41.2842579948553,5.88829071332436,0,8,86.2523420877131,331.425092706509,66.2224245685195,NA,19.0542729207024,63.4358619325487,9.8,41.6666666666666,74.6338905100655,6.111645813282,61.4,35.1895838831705,4.4,7.06577595066803,40.0630413647911,33.4,9.5,15.5,78.6604097008461,12.1027930556863,NA,0.80785615416661,91.1708946465649,5.69661157787831,51,10.0968478866938,11.5384615384615,3.381037761,NA,12.1762507932386,91.1077006409677,0.00969896708233,91.5389972144846,3431.412,NA,18.97064553221,7.73395204949729,83.4199957725639,79.3,7,22.049651813673915,52.07835113719117,130.49129854273363,91.88629467617051,41.390138475493174,358.9255985648889,153.1925508563683,487.94181316782965,178.61381214105714
51005,Alleghany County,11573.3347890821,17.2,9.27318295739348,40.0373682103296,4445,19.3,37.8,19.5035460992907,NA,87.5,3.2720753025549,18.8,4.0939061788,8.65265760197775,14.1708628166006,5.6681712256,5.56319884577729,220.2,15.160728414,43,14835,18.0316818335018,26.417256488035,4.48264239973036,0.37748567576676,1.82002022244691,50.8527131782945,53.1367010444721,0.08258774948382,10.1,106.6,33.7040781934614,52412,56.9335426478283,90.0948892958215,49.3884297520661,24.7,0.08763060330299,0.37074486012807,28.7521968365553,7.89475740455747,7.99855229822656,26.9632625547691,4.11055988660524,0,6.7,91.0279743849005,558.390586596194,NA,NA,94.3714189416919,100,7.7,63.6363636363636,91.1784818782767,9.26493108728943,26.2,22.4482007767077,10.9,16.682236754304,34.006690601642,37.4,12,18.5,73.5633563264017,22.7946204695691,NA,0.60628540362322,83.2144555397051,7.70801429300663,45,23.9834579825442,27.6923076923077,2.87297978,NA,19.7589561363277,78.3166904422254,0.03067442646723,88.182062539199,383.2588,NA,27.3754102114019,1.62074554294975,67.9056291390728,61,8,7.868957834869629,65.36345354702674,221.19405795673242,66.61087118360716,153.9668513646213,331.06422271588104,228.16998684510298,341.479727114418,182.655464112721
51830,Williamsburg city,8956.218854675,15,9.33686222614321,12.8287363694676,1730,14.7,35.1,2.53512200274638,NA,92,4.08851113716295,20.2,3.6582381291,6.4453125,NA,5.1705241785,5.17243014518129,404.1,17.704017914,58,15909,11.044063108932,17.6126720724118,14.3189389653655,0.4274310138915,8.31604752027154,53.6174492425671,0.11669367909238,1.41384778012685,10.3,231.2,44.0002514300081,67543,42.9274292742927,61.9025450031036,75.3939828080229,21.8,0.12571500408573,5.89603369162109,35.0821744627054,5.64150949801228,8.44626168224299,NA,5.20889853499728,NA,7.2,67.791815953234,416.008862670246,NA,NA,6.28575020428688,99.6110210696921,8.2,33.3333333333333,64.7035520929618,15.4960981047937,23.9,26.1991572604414,9.7,14.1116100064143,19.8873371809413,35.5,10.6,16.4,76.5833965628673,NA,NA,0.88819850634499,50.880786562884,16.0486067462811,57,97.7910102419132,NA,3.108394661,NA,21.3392362043423,89.0823433019254,0.0043879833221,93.2752341311134,-2377.232,NA,30.4783619323986,17.897091722595,54.1666666666666,64.2,3,11.371432726350625,5.75193302411059,57.832602807200665,20.069178591661384,32.961193467859836,NA,167.62135618585546,NA,56.66180278855418
51199,York County,4979.7559414463,11.5,6.34434582904715,115.631389691884,1814,11.3,33.7,6.25908832269077,3.33477840397505,96,2.76833268137092,5.9,2.9468050733,7.59204207637777,7.29482775869543,4.5604960837,3.43811805289382,276.4,17.210724154,55,71341,22.7933446405292,18.0148862505431,13.8615943146297,0.51022553650775,7.67861398074038,50.1506847394906,7.0640302662574,1.38909768784389,8.3,126.2,109.334043537376,111346,26.1970375473648,77.932607043324,83.1178363728756,17.1,0.23408699065053,6.46612747228101,19.6461256863941,2.84430785386023,5.4392088423502,53.2653032617989,3.32647462277091,0,7.4,67.8880307256696,246.730334766877,37.7000195481582,NA,67.2824883306934,89.9350417588693,9.3,44.1176470588235,56.6895072082888,11.9929453262786,31,17.2749695288731,5.9,7.89677783261651,30.582793268992,34,8.5,14,81.1079275883517,8.72146264742906,6.58465991316932,0.74189843515485,72.1500888785841,10.0665362035225,54,68.1670415747212,15.064935064935,3.600093513,NA,12.3000327348528,92.3989489141355,0.02196784537462,95.3323635443678,3302.409,NA,19.0487309827025,8.48131460376358,76.8899900891972,73.3,19,10.205765227701264,26.24161701628265,45.03064787689124,17.196251760813002,45.198561556281696,NA,179.85881464909218,NA,43.859855115492394
51187,Warren County,9753.67562607059,15.7,10.7113919948144,58.6438607208307,3413,17,36.3,16.8592313133694,NA,92,2.86800442712092,11.6,3.8436298117,6.91202872531418,12.8862289166976,5.2927730992,4.35568181818181,229.7,17.114673113,35,41440,21.5275096525096,17.6689189189189,4.65250965250965,0.62741312741312,7.50723938223938,49.4570463320463,60.2401355366219,0.70526616018876,9.4,176.8,106.177606177606,79949,48.5625485625485,72.5888588651008,57.7869659381768,23.1,0.11100386100386,1.43339768339768,20.7962106687718,5.40541889235063,9.37973667786132,36.1969111969112,5.82544913362389,1,7.2,82.9971042471042,457.076393493712,69.1031941031941,7.58725341426403,53.0888030888031,82.2083630024308,8.4,23.8095238095238,98.9409834435439,13.2513661202185,58.3,48.5341054917574,8.9,10.7513744654856,47.2641614751241,35.9,11.2,17.1,75.0655790893542,13.4241535325411,NA,0.73614499825723,74.1713160485723,12.237714904562,36,56.7759568259475,33.3333333333333,2.933088705,NA,20.1907839212581,90.259271414506,0.01403353494384,88.8415613434816,1753.65,NA,20.287933557643,4.50819672131147,69.8843357567746,70.5,9,8.87680913319549,66.62782444214713,91.95672954544374,91.11923770641816,128.9086504218592,NA,98.93265843381437,132.30897805318733,NA
51640,Galax city,19045.693714809,21,15.8353127474267,NA,2514,21.2,39.6,44.7966919365954,NA,82.5,3.12061711079943,31.8,4.556082166,13.2047477744807,NA,5.8472619082,5.64461463255662,345.3,15.242724119,45,6730,25.9435364041604,17.3105497771173,5.39375928677563,0.57949479940564,17.890044576523,52.555720653789,9.85119047619047,3.01911032599967,12,145.8,921.248142644873,44706,63.1462333825701,76.0729613733905,53.1060606060606,28.4,0.26745913818722,0.84695393759286,29.62308598351,3.78324335441252,12.87147102526,118.870728083209,5.77380952380952,NA,6.9,73.4026745913818,969.253849740127,NA,NA,401.188707280832,98.422619047619,7.7,100,117.461593150134,15.8699808795411,23.5,NA,12.8,16.5165165165165,1.96798965153774,36.8,13.8,19.2,66.187230641536,NA,NA,0.65861384627127,70.550038197097,12.2861586314152,27,59.0177198169405,30,3.012027755,NA,38.4355994160825,83.231474407945,0.01080587761293,80.2346570397112,-9298.668,NA,32.0941260680893,4.78468899521531,60.6666666666666,62.9,4,6.0435296206686004,67.56599428859575,204.22436943612666,164.91919196440287,252.27526357656797,208.8500884492708,326.4783928120897,365.6043384287097,98.33460123049798
51087,Henrico County,7261.85531727411,13.8,8.98095983049001,104.930535985177,2092,13.2,36.5,9.81409553176979,6.54543027101115,87,2.82852758258622,11.6,3.3592903865,8.41241634844417,7.32568023709195,5.1036809172,4.24902866743673,563.9,17.041251458,50,333962,21.7671471604553,17.1100304825099,29.9905378456231,0.38207939825489,6.42079038932573,52.2870865547577,3.69420046712063,2.1493923342592,10.4,363,390.463585677412,82187,46.1520278921346,71.8842363115706,76.0569753911132,22.1,0.07785316892341,10.07659554081,28.0012961062807,4.72609292320692,7.56391903164352,85.3390505506614,3.84458936374014,0,7,50.6970852971296,348.92468155366,53.8506275905998,7.40048589048776,130.553775579257,95.1176623632954,9,23.2876712328767,71.3467130067897,14.4286426189289,24.6,28.8537256371363,6.6,12.2618826336964,55.5575118904512,35.5,9.5,15.3,77.9224829481019,13.1698420283489,5.07241712262632,0.80693513951262,64.5591898220651,12.8213884588531,57,131.243389814627,17.0467836257309,3.236154467,NA,11.6971903133896,90.5588616940355,0.20646892317655,92.8827319587629,-2571.106,NA,27.3254894326353,8.25281803542673,78.1125884258075,73.7,84,11.237516355533751,41.70308407478631,102.16766935194659,63.22157981505817,17.271231231468757,NA,129.69567418383738,176.9260954729494,98.730778520945
51175,Southampton County,9548.78782079659,16.8,9.08703071672355,22.2148172831278,3923,17,37.7,10.7079119571683,NA,90,2.81404772624943,20.1,3.7106604776,10.7579462102689,20.8375075135243,5.3082447452,4.14837979905516,422.1,16.089391467,47,17932,18.44746821325,22.1726522418023,33.0470666964086,0.6413116216819,2.58197635511934,47.9143430738344,98.2440542342743,0.0991484894436,10.9,261.1,NA,61246,47.1923076923077,80.2398265084832,56.4289573203673,23.1,0.08922596475574,0.55208565692616,37.9350014380212,5.09804810374325,8.02786794394743,11.1532455944679,5.11033681765389,0,7.5,61.4989962078965,431.439955269458,89.7728057454595,NA,33.4597367834039,19.8877528339631,9,30,72.2274261079574,10.5740181268882,48.4,NA,6.3,11.6627790736421,17.6138947488094,36.5,11.1,16.7,76.1861282949576,16.9283029940525,NA,0.73453921721503,76.962432392925,11.5540330115228,46,6.17028969805746,NA,3.194122002,NA,12.120247117155,81.8301417921356,0.01698098187015,86.7784829253551,198.6016,NA,29.5382555595467,6.150061500615,68.4096469765816,57.6,7,15.325926715333619,53.848914533476425,61.660656460979496,86.37788237303961,84.51328624259969,NA,200.80371221895385,NA,60.489890059163685
51720,Norton city,16104.4938891297,20.2,9.16590284142988,81.8330605564648,3966,21.6,40.1,40.7303370786516,NA,97.5,3.75469336670838,29,4.5078466651,11.5241635687732,NA,5.9758227167,7.94064748201439,327.3,15.776691234,43,3609,22.4993072873372,18.2044887780548,6.26212247159878,0.36021058464948,4.10085896370185,52.0642837351066,9.89964740981828,0.05636978579481,11.8,NA,498.753117206982,41298,91.5254237288135,69.849931787176,69.4169416941694,28,0.08312551953449,2.10584649487392,38.301282051282,18.0655663974916,7.56105720976915,138.542532557495,3.2520325203252,NA,7,84.788029925187,795.058813170204,NA,NA,720.421169298974,92.6227285055601,5,0,112.612612612612,16.5333333333333,19.7,NA,18.7,0,NA,36.9,13.7,19.5,69.0316139711766,NA,NA,0.59580445461274,53.0150753768844,15.9061277705345,47,58.0826798585524,50,3.019122274,NA,NA,71.4824120603015,0.00294948865767,90.1639344262295,-6590.695,NA,36.2535716015303,27.3972602739726,48.0059970014992,60.4,2,4.294388066811766,54.72392395811397,141.74209088631437,249.63560747737353,336.9917431970691,207.94026391404543,411.19488915605785,264.7526743197685,72.49234784232006
51135,Nottoway County,10188.5544634336,21.7,11.4516760140863,38.4763370527125,3180,21.4,39.6,23.7757274662881,NA,82.5,3.06418219461697,24.2,4.3309674313,10.2888086642599,32.3750323750323,5.5569380519,4.67236776238945,711.8,15.270039594,43,15559,19.6413651262934,18.4266341024487,37.8687576322385,0.7262677549971,5.0710199884311304,46.8603380679992,100,0.3769520732364,13.2,606.8,115.688668937592,50756,97.3121228743829,79.2731013200754,39.2309506959188,28.9,0.10926152066328,0.56558904813934,30.5355976485956,21.768832927331,9.79739370303433,44.9900379201748,5.45394080478882,1,7.7,54.470081624783,517.952352811006,108.527131782945,NA,70.6986310174175,47.7048970719857,6.6,34.7826086956521,96.3040083289953,10.5026929982046,40.5,23.9203235767407,9.4,14.7492625368731,25.4221626894954,40.9,13.1,17.9,73.6978468107456,NA,NA,0.99298884493836,71.3019390581717,12.8809660724554,49,18.8042040572916,29.2307692307692,3.146412236,NA,13.0791292568252,70.8402585410895,0.01063079882774,83.7507799269097,-6769.832,NA,24.5823153912837,6.66666666666666,58.7142264620489,58.4,7,31.10882841596754,45.62534264501402,141.854081467831,116.08339190561925,71.70877602645555,328.51501349205904,187.73980310304552,497.0499991519065,149.99540831475903
51790,Staunton city,8179.78106722737,15.3,9.20429533782431,46.7635711780523,1882,16.7,35.8,22.8789323164918,NA,87.0614035087719,2.73752012882447,16.9,3.6674895885,8.93066980023501,10.9187872100774,5.2316300246,4.73128050474187,385.8,16.931138785,50,25904,19.2441321803582,21.3712168004941,11.1063928350833,0.49799258801729,4.38928350833848,54.0457072266831,2.14368932038834,0.9550701768956,9.7,276.4,737.33786287832,61917,58.1386861313868,80.5594753880634,66.5433012583271,22.3,0.04632489190858,1.47467572575664,27.0593167050932,0.82249921350205,7.93850806451613,81.0685608400247,4.18558736426456,NA,6.9,79.6209079678814,452.835490600566,50.9495136637332,NA,169.857936998147,98.6796116504854,8.5,100,83.8437153146535,14.5206766917293,27.4,13.1955715661823,10.7,21.4333034566073,30.6498277095117,34.6,10.9,17.1,75.3453154879946,13.5746967652296,NA,0.81422195670508,59.4812002892263,13.8334416488719,57,57.2730073833863,51,3.181645315,NA,15.1122866083932,80.8839479392624,0.02565455057038,92.5913820341014,2551.431,NA,29.218146874041,9.15032679738562,66.5914915427985,70.4,11,16.62871380874339,9.883683345476735,166.31351098532292,12.304324294329444,103.01025252887793,348.3352681658761,173.28943987369348,402.93381341615066,194.94998446109423
51670,Hopewell city,17560.0078304741,24.1,10.6421194431971,30.2506482281763,4225,22.5,45.6,37.3149885345007,17.6796696427443,80,4.41222164681512,26.1,4.708145176,14.7296722009365,15.1540025509237,5.6847788936,5.09462822772996,911.8,14.252724885,38,22962,25.1763783642539,15.9393781029527,43.7636094416862,0.77083877711,9.08892953575472,53.0877101297796,0.03473277471454,0.79450390241622,14.7,473.4,156.780768225764,53098,99.0674846625767,81.4017601526879,52.190089633012,33.1,0.22646110965943,1.48941729814476,42.0074982958418,14.4419068527164,8.53716021578589,56.6152774148593,3.70801463252411,NA,8.1,41.673199198676,829.79528177171,82.6511335012594,9.18580375782881,65.3253200940684,90.0490600442843,6.3,20,157.159128031714,22.542735042735,38.1,73.481864675798,14.4,11.2359550561797,17.2252332314072,44,14.6,19.5,68.5108206631783,30.902075736573,NA,0.8420169166376,53.5622593068036,19.1052397868561,42,114.097103590029,36.8,2.832209799,NA,30.2828654129363,85.7723577235772,0.01851243936588,86.8652538984406,-16298.38,NA,30.5472899167576,6.72782874617737,58.8508557457212,60.7,7,6.276504838087555,18.406959023604408,96.797809303203735,65.76169028643878,36.96400816807801,NA,148.93491339046378,NA,95.62704179317568
51750,Radford city,7381.50571403488,19.9,7.05752434494528,54.5487605309412,3565,20.2,39.1,5.97195776354509,NA,92.5,3.54957160342717,16.1,4.4545697969,10.3658536585365,NA,6.0509511215,8.46466256737265,981.9,18.155644394,40,16738,12.2834269327279,9.78611542597682,8.97359302186641,0.31067033098339,3.45322021746923,53.2022941809057,4.19415059116365,0.29165609941668,12.4,93.1,244.951607121519,47892,27.693446871529,74.8809677004246,83.9872408293461,26.9,0.0477954355359,2.32405305293344,21.8360995850622,16.3939012254726,6.3625750500333504,77.6675827458477,3.11918063314711,NA,7.1,82.5845381766041,421.009792768248,NA,NA,125.463018281754,77.0566272557561,6.3,25,42.6966292134831,22.4669603524229,19.9,NA,13.6,15.152433480817,38.7348677608484,35.6,13.6,19.4,75.9887912869925,NA,NA,0.94438277511961,45.7289189683555,21.404416152775,55,55.0451993484367,25,3.340749811,NA,NA,87.4885677702579,0.0052007536574,93.3342439557437,-565.4453,NA,29.9590745844817,11.049723756906,40.1397268974277,59,5,9.96102293890451,49.58755568080061,196.99647762932116,114.98100628535134,202.3370778975164,244.60631301721713,276.5402071330382,354.0554204363831,101.89040070061178
51183,Sussex County,12232.7575211873,21.2,10.0656918838737,27.8732695345164,4401,20.4,42.3,20.2403542061986,NA,77.5,4.24439037577723,30,4.1789749864,12.828947368421,41.9441761146982,5.3045124298,4.43264309896858,594.6,16.819955649,43,10680,15.8333333333333,19.0449438202247,52.8838951310861,0.64606741573033,4.02621722846442,41.0767790262172,100,0.2400153609831,13.2,572.1,18.7265917602996,49340,95.7948717948718,86.3478058973763,46.2992630567125,29.3,0.01872659176029,0.52434456928838,40.7114624505928,13.7956469277532,8.60060635072602,18.7265917602996,4.35049019607843,0,7.6,40.8707865168539,651.320601399138,134.030290845731,NA,28.0898876404494,27.1770246560163,7.9,25,122.617523486665,12.0052770448548,64.9,NA,7.1,13.9366347672582,23.9550268352678,42.1,12.4,16.7,72.350331548476,NA,NA,1.09117808219178,69.4429421308815,11.9542924113683,43,14.6641392600958,NA,2.993502173,NA,NA,78.664142779881,0.00628786623869,81.3440320962888,-11095.51,NA,32.8739359546007,11.4678899082568,54.185303514377,53.2,3,28.543114481664194,27.786870381032482,82.82415109013778,92.00337158982603,58.45127852775615,NA,175.16540707169978,NA,81.6533821024934
51610,Falls Church city,6854.92523709382,8.4,4.97262263940105,296.694956185744,1108,7.5,30.9,5.00312695434646,NA,97,2.20459582409891,3.1,2.4242996759,5.4074638233054,NA,4.0035576534,NA,207,19.889674958,44,14586,24.1121623474564,15.076100370218,4.52488687782805,0.72672425613602,11.5658850952968,50.4799122446181,0,2.22766923797851,6.9,347.6,1611.13396407514,142513,2.84147557328015,50.9562154001006,92.5571504518873,13.4,0.14397367338543,9.89304812834224,13.8087153367289,NA,4.41690498887829,349.650349650349,3.19037656903765,NA,8.4,69.4364459070341,304.456640832157,NA,NA,308.515014397367,100,NA,NA,61.5628762175769,14.6536412078152,37.6,27.4342150385222,5.6,13.7997654039881,10.7306585210317,29.9,6.6,11.8,77.368646673241,NA,NA,0.70110658520027,55.5923344947735,10.1546029515108,59,269.484149588929,3.33333333333333,3.714124391,NA,14.9894296846447,96.5505226480836,0.0044619849087,97.4052718286656,11462.01,NA,27.5771333141538,15.9362549800796,87.5334987593052,79.1,4,10.366423831948833,9.44283509945033,32.70464319223788,140.00042839840413,73.35761623240455,NA,39.66103084891181,78.76952906454486,NA
51595,Emporia city,20918.2628963011,28.4,11.6644385026737,NA,2541,25,47.3,22.9696472518457,NA,87.5,4.7008547008547,33.2,5.0331464487,11.2781954887218,NA,5.9856081092,4.74098204354044,723.5,11.806996232,43,5481,25.0684181718664,19.7774128808611,63.6562671045429,0.69330414158,6.86006203247582,53.6763364349571,4.97745404092958,1.11565637783562,17,473.4,437.876299945265,43496,99.4836488812392,75.2297794117647,45.4992967651195,36,0.12771392081736,0.83926290822842,35.1888667992047,1.76119685903462,9.34752429430819,91.2242291552636,4.28571428571428,NA,7.6,26.327312534209,918.003369927734,178.794922224208,NA,218.938149972632,85.8654179673951,8.1,50,123.720616353616,17.8313253012048,25.8,NA,12.3,22.9398270689959,60.7206731238846,43.8,15.8,20.5,67.261941954346,NA,NA,0.72313927053474,40.0445434298441,18.9873417721519,45,115.465615116958,50,NA,NA,NA,81.8708240534521,NA,76.9049489395129,-8703.771,NA,37.2907853595732,8.4985835694051,64.9591280653951,59.1,1,7.039697754480024,41.47499691587701,92.64668755563643,98.22312336027198,72.13940506260067,NA,188.85353360654426,NA,91.47590937056545
51620,Franklin city,17924.7450803064,22.7,9.22722029988466,109.529025191675,3441,20.8,43.9,38.8585306618093,NA,87.5,4.07986111111111,30.6,4.418857541,12.6470588235294,17.5432440966983,5.6798744982,4.91633959044368,888.4,13.04615081,47,8247,26.5551109494361,19.0372256578149,54.8926882502728,0.48502485752394,3.18903843821995,54.6501758215108,3.94865525672371,0.21091484313208,14.2,377.1,206.135564447678,54594,98.9919354838709,84.9420849420849,51.6144349477682,30.1,0.04850248575239,0.860919122105,29.1211401425178,27.4323050501374,7.61158966327329,60.6281071904935,4.22273781902552,NA,7.2,38.207833151449,824.003987129701,147.125396106835,NA,157.633078695283,87.3227383863081,5.4,NA,106.949211560463,15.2204836415362,31.6,NA,12.4,14.6038700255567,71.3227191885212,41,13.5,18.9,67.9307105306481,27.3591006317465,NA,0.71359055172652,55.6285458345774,18.8578600564794,49,60.7794358217153,26.6666666666666,NA,NA,NA,85.1597491788593,0.00550023312913,84.255168757731,-22947.81,NA,33.1373410997545,9.96677740863787,68.6486486486486,64,3,5.55769256420437,61.05445311644357,55.68576970609861,82.01386133403929,91.90866935916299,NA,208.62283999530425,NA,54.5150033042828
51740,Portsmouth city,13091.669064251,20.2,8.33449818283478,60.3025347506132,2655,18.3,47.6,28.4113196973942,20.6590228282202,79,3.86687797147385,26.2,4.1274113922,12.1793556330802,15.5691186531514,4.7348428056,4.8139903909728,1335.9,15.272920564,46,97029,22.8663595419926,15.4036422100609,53.4036215976666,0.52252419379773,5.55297900627647,51.7525688196312,0,0.55047088473272,14.5,796.6,330.828927434066,54843,78.1021352844557,75.3508927778271,63.0370160662467,28.4,0.17211349184264,1.49645982129054,43.8692587437704,5.89575037909812,6.88340892632542,175.205350977542,3.10710639620045,NA,7.4,36.0521081326201,627.021078603223,98.4200984200984,9.81668837022939,151.501097609992,93.5586988714701,8.1,29.5454545454545,118.144274514412,19.1950886766712,33.5,56.3807720685478,10.3,8.99427636958299,49.8533511794492,44.1,12.1,16.9,72.1143836837418,27.9097486863531,11.946692051404,0.80738615855164,56.0520507160823,21.4377441275616,41,195.420268367852,22.2222222222222,3.007709786,NA,15.2657067421656,86.2147733689235,0.0565276647526,89.5173465497522,-10377.45,NA,32.9868898492059,7.68478412742769,62.2658104146307,64.5,24,8.706376308918431,21.79955500883923,12.67229971705963,45.25597203654755,75.8877310340629,NA,210.54800822682404,NA,11.50153545323919
51800,Suffolk city,8668.18962689688,16.1,7.88862707048305,76.9278749194336,4305,15.3,42.4,15.0495659766808,5.77159160217823,82,3.12164794991353,14.7,3.6586158285,9.48486328125,8.42340395993579,5.4367096221,4.32051211755675,725.6,17.539850704,46,98537,23.4267331053309,15.3252077899672,42.166901772938,0.4231912885515,5.21327014218009,51.0782751656738,27.0556804206776,0.72586090479405,10.8,346.3,162.375554360291,81858,50.4626993166287,83.0234332425068,71.9801238316835,24,0.09844017983092,2.26919837218506,28.07855389422,3.87214465900533,6.78619722542194,49.7275135228391,4.04579495566841,NA,7.5,47.3507413458903,427.689153583153,61.8008775724615,6.84847743671273,115.692582481707,81.6313981595352,9.2,27.7777777777777,62.9803057133059,13.3940182054616,49.8,26.2211434544584,6,10.8114851238122,36.9126903536165,36.5,10.6,16.6,76.0273076905587,12.2941007728028,6.27538586515028,0.73403731386522,70.4444077317032,13.5679810324875,44,60.3487280822962,31.1111111111111,3.153484515,NA,11.4679680916416,86.7283440718101,0.04063687615266,91.1751512057791,-3210.03,NA,23.6250580273155,5.83333333333333,72.9171562867215,65.4,22,11.949882779666213,36.53048115495699,27.677673427640684,51.98141226938894,82.61316034148189,NA,213.51142122632444,NA,26.506907972016958
51520,Bristol city,11285.1916422757,18.5,9.95294599018003,64.5009968335874,3601,20.1,39,26.0984473075652,NA,77.5,3.40055357848952,27.3,4.2896526407,8.81226053639846,NA,5.7230697293,5.28447778418926,293.2,15.788211132,40,16975,20.0471281296023,22.8748159057437,6.31516936671576,0.54197349042709,2.69219440353461,52.3534609720176,1.02212672048318,0.32160306759849,10.7,177.6,111.929307805596,43123,88.8636363636363,77.8204776283283,52.9687115052968,26.6,0.02945508100147,1.03681885125184,36.6587957497048,13.8406984547092,8.24380952380952,35.3460972017673,3.35608646188851,NA,6.5,87.1575846833578,552.100230370695,67.0196367535688,NA,70.6921944035346,93.559440153319,6.4,20,91.2138550292002,11.7647058823529,18.2,27.3731547560856,14.3,18.763926351589,27.8408431757315,36.7,12.8,18.8,73.5521585305347,NA,NA,0.90696652903452,62.9675297986025,13.7847813742191,49,109.478433486132,26.25,2.852913031,NA,16.912153380847,75.1472804493766,0.01260323788472,86.2209207743614,-2806.482,NA,30.3782204392087,12.1412803532008,58.0319346453769,65.3,9,13.19469974364994,31.086101945286103,108.39079648712786,201.46974209363913,288.82587781333467,174.8668054494233,363.0290237723234,325.7026229489364,13.19469974364994
51650,Hampton city,10422.97348915,18.6,8.40279231252231,37.0246685929174,2658,17.7,42.6,16.416867775943,14.5482760292905,92,3.8484190948543,20.8,3.8160952866,10.150440947605,10.9639181670015,5.2239096495,4.24562149897185,1074.4,15.934374154,48,138037,21.3232683990524,16.7404391576171,50.2734774009866,0.55564812332925,7.04955917616291,51.9288306758333,0.31571732726689,0.79603379652258,12.5,560.6,375.986148641306,64086,58.5546475995914,79.2733266021262,68.6203169079068,25.9,0.18328419191955,2.6695740996979,40.2853330596325,7.00527229391271,6.95499174955101,100.697639038808,2.94984263041585,NA,6.5,35.7324485464042,502.9073737976,72.3043786009483,7.59078754420771,112.288734179966,89.8350686849243,8.2,28.5714285714285,85.1187080871639,18.2696690673716,26.5,33.6014912194643,9.1,8.9294788959389,33.8166737199652,40.5,11.3,16.8,75.002743397923,20.6885748822967,8.98335396890906,0.77579717720857,55.5803027666608,18.3716372706217,43,149.193151193682,41.7741935483871,3.073812531,NA,12.7491519324682,88.7228119018618,0.0477389359561,92.7523857900937,-6796.479,NA,28.2292544393471,5.51823416506717,63.0986319716827,67.9,36,8.625370624072666,33.43871266109329,31.646273204928153,25.688900319884304,56.32065931739965,NA,190.9809365101608,NA,30.75026025003142
51710,Norfolk city,10538.6545815439,17.8,10.9904158305376,99.1114003632667,3559,17.5,41,22.3731758851523,15.344627998596,82,3.53220486425749,25.1,3.7416099627,10.9486200312445,9.23029347041985,4.8111849901,4.53798194614443,1288.9,17.907280938,44,232995,20.0686710015236,13.1011395094315,40.2982896628683,0.65452048327217,9.28260263095774,49.2624305242601,0,1.37713060164804,12.3,957.2,296.572887830211,60030,73.9583333333333,72.6979191580961,71.8005283656072,23.8,0.23906092405416,4.06961522779458,41.8232240038366,8.14094483256739,9.29277267362477,102.148114766411,4.39033993962462,NA,7.1,42.4627137921414,544.891921598269,81.4835376391264,8.00404414862246,237.344149016073,91.4783302871788,7.6,33.0357142857142,88.1419333180642,20.1342281879194,27,33.3040073046789,11.3,11.3999378958607,53.7695836601642,41.1,11.4,16.2,74.005616738759,23.4824662873642,4.40438156093108,0.85173826193983,44.7786176530166,18.8807743263514,41,285.952119033739,19.7237569060773,2.983084986,NA,13.43353681947,86.0613878908707,0.09516680397217,89.2531218404086,-7846.662,NA,32.215558887223,6.69247424709664,47.7149447228187,61.9,54,10.7002699455111,15.456330828109254,13.862973584437125,44.753267173737896,75.38502617125326,NA,210.0453033640144,NA,13.685148960132283
51810,Virginia Beach city,6600.92774446338,13.3,8.28775182742021,71.2300512157178,2779,13.7,31.5,10.9008293136058,4.64477282953241,92,2.79553781704361,12.6,3.000145172,8.33679725657279,6.44580719200416,4.6438920668,3.63509768443233,631.9,17.965210914,50,455618,21.7083170550768,16.0272421194948,19.1135995505006,0.48154374936898,9.03959018300418,50.8173513776892,1.81469954512808,1.4191731288968,9.6,307.5,246.478409544838,83066,40.7707352851292,77.1277319447364,76.9483267462998,19.1,0.18677927562124,7.83990096967196,25.6583845382622,2.5527004832629,7.04451782210208,80.3304522648359,3.77685840117443,NA,6.8,59.8692325588541,327.086254915231,50.1387932959875,5.4131990994865,123.129463717412,97.1336539926437,9.2,39.3103448275862,61.6950379751989,13.5343577848651,31.9,20.4580694205583,6.8,7.40705133807617,42.0982489638736,34.3,9.3,14.5,79.1950219719779,13.3215254164525,5.98052215262219,0.83435420682793,64.5518821786882,14.5249613940316,45,158.903889533455,17.0574712643678,3.456203665,NA,14.0163701827364,93.5371545147137,0.07043850372278,94.5144823485505,1650.44,NA,27.0363325548359,5.95344194502869,67.6832766128193,72.5,89,9.840655638074182,13.853470596034304,27.48057953423083,57.22244452750876,87.85420352502412,NA,222.51448071778518,NA,27.217734350553943
51013,Arlington County,3313.82482698736,10,5.58753144750567,77.264825188333,1629,7.9,23.9,6.68185269552012,1.15738907644006,91,2.07626336264254,7.1,2.5882614777,6.7212096106048,2.86301508382542,4.0384830989,NA,390.2,21.72343254,40,234000,18.0606837606837,11.976923076923,9.96495726495726,0.7025641025641,15.5982905982906,49.5991452991453,0,3.58749019168254,7.6,591.8,267.948717948718,131020,30,41.1167923586471,91.8485686314589,14.2,0.14487179487179,11.268376068376,16.1524202820338,0.07813774442466,5.04331442778338,72.2222222222222,3.10171198388721,0,8,59.8735042735042,184.534591115747,29.5916885017459,2.6909851995814,95.7264957264957,100,9.3,23.076923076923,29.5159386068477,15.5379586575203,41.1,11.2687801263793,7.5,14.6803167857832,50.1478859502802,28.4,7.1,11.7,84.7179711489969,3.1291969296658,6.91191446028513,0.85186818329073,42.243004139349,13.6068020192343,53,540.002170213934,6.70454545454545,3.455787774,NA,6.62547207712218,93.9884747535779,0.08963794195774,95.3137635452046,5374.801,NA,36.6623416272324,6.23638139604778,77.1549129536736,73.5,42,8.037564197937249,12.362493379369063,27.435647418531474,147.26812308731724,75.31624199537791,NA,33.73717553182039,80.7281548275182,NA
51550,Chesapeake city,7412.70604829267,14.7,8.47567467481368,78.0040514349163,3513,14.1,36.1,12.7624461355093,7.06083794494311,90,2.94378293024829,10.5,3.430464291,9.19251600196947,7.29619920977455,4.6631250728,3.95162391954591,654.7,16.115574172,47,252488,23.8145971293685,14.6046544786286,29.5978422736922,0.49348879946769,7.45817623015747,50.8911314597129,7.7322770244806,1.47605258437331,10.6,312.1,182.582934634517,87127,39.3445054130209,79.2188764772543,74.4960349548169,21.2,0.14178891670099,3.94593010360888,25.4472830157277,4.89388164817423,7.0379303821415,51.8836538766198,3.60462910263707,NA,7.5,55.2018313741643,375.626248762954,51.3333256716429,6.75146771037182,109.708184151326,91.086191274226,9.1,34.4444444444444,62.1459434683961,13.9150534527593,39.9,21.1272817800744,5.8,8.95454672084499,41.1035054732628,36.2,9.8,15.5,77.1886347673467,14.4354750576195,5.69710635099586,0.71074051197584,73.3166973119691,12.9700502870366,44,115.245512736614,12.8260869565217,3.305050225,NA,13.6988066408912,92.4568776814639,0.09486840407225,93.3154603385961,-449.1875,NA,24.3437740310122,7.31675731675731,71.2164544564152,73.2,50,11.477684299463686,20.716222835941323,20.394063909093806,53.20926146361893,83.84102046113426,NA,218.50129765389534,NA,19.87699930642817
51011,Appomattox County,8066.82458226019,17.4,11.7672183662573,12.2301718339142,2447,18.9,39.9,25.2476829658037,NA,92.5,3.20414159787323,16.1,3.9690873815,9.02421129860601,19.8703011253816,5.3561257384,4.57463537847307,354.7,15.908422201,34,16748,21.8414139001671,21.1308812992596,17.5603057081442,0.43587294005254,2.43014091234774,50.776212085025,100,0.03279118572927,10.5,145.2,47.7668975400047,62375,47.1343028229255,85.4741266088784,60.0474683544303,25.2,0.0776212085025,0.40004776689754,24.5984784446322,2.04159335630243,10.196474334084,5.97086219250059,6.14631493064998,0,7.3,76.7733460711726,406.770890509495,80.0480288172903,NA,29.8543109625029,56.287610893976,8.8,18.75,82.6767214921895,9.09090909090909,45.9,NA,8.9,17.7337491591756,5.8969333267701,37.4,11.8,17.7,77.5919131678236,15.0321311803981,NA,0.72010517282305,77.7811782708492,7.35031640434853,52,7.44734934065428,NA,3.033219623,NA,20.5937264327106,78.2402448355011,0.00206838990052,89.9138456183099,208.4199,NA,21.002004008016,6.14754098360655,75.472312703583,64.7,4,31.36433345094332,93.02284351343914,193.68654098150728,93.03616548566832,109.29988445914157,313.63881848727823,225.15679150676283,446.1569014085512,133.32697609176083
51173,Smyth County,12359.6168942243,19.7,10.6661941885187,50.8871323404688,2914,21.8,39.9,27.4966261808367,6.56257177812882,92,3.17635787456702,23.5,4.5918813528,9.14760914760915,14.5314089372852,6.1562576043,4.76423142546921,173,14.746050331,40,29449,19.0770484566538,23.0364358721858,2.02383782131821,0.21392916567625,2.45848755475567,50.473700295426,75.5671140939597,0.68139510378982,10.8,148.1,203.742062548813,45484,80.7901234567901,81.3329906622119,48.7098234495246,27.7,0.02037420625488,0.6180175897314,34.8023784540049,1.14939408295838,9.02325995900543,54.3312166796835,4.08547008547008,0,6.8,93.5345852151176,636.31131968225,62.811604443921,10.2774922918807,217.324866718734,78.8087248322148,7.6,21.4285714285714,118.701052394246,10.7128790862544,32.4,28.9948812882648,14.6,9.15968382128439,42.7674100627986,37.2,13.6,19.6,72.2200253195191,26.5253748367031,NA,0.81611158553942,68.4451821990356,10.7397168467789,43,29.4378735393386,10,3.086765446,NA,24.5145632277824,77.7092719943087,0.03741418555541,84.7008076358296,224.3936,NA,27.4316243074487,6.54545454545454,58.3288632143594,60.3,15,16.67877091125673,13.852645499567327,141.48055387347605,172.6664076868706,260.0224792990357,208.1157386199571,334.2256085345574,348.1985313490543,46.3746356361731
51680,Lynchburg city,10718.1745768788,17.3,8.86686873397062,126.567859357794,2586,17,38.4,11.7398881041915,5.47816421415734,83,3.90845760008952,23.9,3.8487609833,8.42477444525725,9.01246370716208,5.0103145873,4.29748850371418,625.2,17.470369074,37,79287,19.0674385460416,14.5332778387377,27.5366705765131,0.47801026650018,4.91631667234225,52.9960775410849,1.61627156399903,0.58364975647717,11.5,362.7,706.294852876259,50494,80.6925632507028,71.2215838121409,71.9630210304373,23.6,0.08702561580082,2.78481970562639,41.5623738393217,8.02847642516201,7.47539610525581,114.772913592392,3.45666031412236,NA,6.3,61.9798958215092,541.382793573477,70.2716402092021,6.87285223367697,412.425744447387,98.3875254717817,7.7,32.258064516129,86.2368458011279,14.6501328609388,11.6,27.6017764008931,11.1,16.4538217165133,39.8898884668141,35.8,11.5,17.3,74.1168814903591,12.8123313761675,NA,0.75887131252672,48.7167070217917,15.6760983932887,53,116.576369397943,35.6923076923077,3.079985974,NA,13.4454883340454,90.3355240401245,0.02894665736751,90.3173237970214,-5742.43,NA,27.1794668673505,8.0750763858577,57.4017363851618,66.1,24,8.213501428649622,79.7367758277274,220.3623278789313,86.37009141233,135.55471948516995,299.9774009288852,231.70087534137724,432.07711380777357,119.66557183339292
51025,Brunswick County,10371.1806845843,22.8,11.5409330420254,25.0941028858218,3846,21.6,44.3,26.0700389105058,NA,92.5,4.55240360115508,28.1,4.4073810768,14.3169398907103,22.8517187129208,5.4764432866,4.53642983130568,570.9,14.356516747,42,15921,16.0103008604987,22.4985867721876,52.8107530933986,0.41454682494818,2.78248853715218,45.7446140317819,100,0.17635532331809,14,416.2,87.9341749890082,49080,98.9429175475687,80.1536491677336,40.9539869910864,29.4,0.0439670874945,1.13058224985867,44.2524115755627,10.0651136411696,9.96367919897909,18.8430374976446,4.92764958936253,0,7.8,41.5049305948118,541.888914849883,NA,NA,18.8430374976446,22.3610322417818,7.9,27.2727272727272,111.336533227769,11.400651465798,50.8,39.4125456355791,9.1,8.78293601003764,29.8544416647137,40.9,13.4,18,74.5449788476131,NA,NA,0.78245305667495,73.2197891321979,9.91319444444444,48,8.79317480560889,NA,2.406295065,NA,13.0872685759743,78.3292781832928,0.03641304821398,76.5208022542682,-17564.99,NA,25.421760391198,8.88888888888889,58.895887365691,53.6,7,23.392067707611133,41.59706872586147,112.33131702519987,112.92978038868205,74.64502791516017,312.0418304692227,193.40870284979613,539.4991509013543,138.81777655489944
51630,Fredericksburg city,10532.4836350533,15.1,11.529356060606,176.261148517643,4127,14,36.1,11.4122681883024,5.47770573764777,82,3.36391437308868,19.8,3.4982257942,8.8855421686747,7.96757198203312,5.2152560298,5.38377789874795,546.4,18.820809662,39,28757,20.7566853287895,11.8892791320374,23.0483012831658,0.92846959001286,12.1048788121153,52.9331988733178,0,3.45204446956849,10.3,447.7,831.101992558333,71217,58.2863006670087,64.7763689563884,71.2197714589423,22.3,0.17387070974023,3.42177556768786,43.3072207084468,3.79187296947904,9.92094861660079,205.167437493479,5.47028086218158,NA,7.9,56.5810063636679,506.140309976799,57.5355601726066,10.0371747211895,563.341099558368,100,8.2,40,90.0283242958746,19.755877034358,39.5,43.7309396397951,10.6,14.4534141784467,24.8522651964913,34.8,10.2,16,74.5238410488184,16.6206137161614,NA,0.7742271622091,38.4533522525718,18.8207589892219,46,213.162654319004,41.25,2.866403041,NA,14.8782188880738,90.3955303299042,0.00689034193414,92.543054980174,-6777.898,NA,30.6584102110451,5.54994954591322,59.6709916589434,67.3,5,7.3150213972353475,60.61701692458173,78.48551025873415,104.93838015150293,58.04314396562535,NA,84.21844025484003,131.7169993403065,NA
51760,Richmond city,11283.3136767185,18,10.4246437112091,105.911634393038,2771,16.3,33.2,24.7099057069998,22.1587117730746,74,3.40253557910048,30.1,3.7416669834,11.1662648324114,9.82033817215808,5.9573212979,5.71602515498862,1104.6,20.950326142,47,229395,16.9659321258091,14.5835785435602,43.5179493886091,0.55929728198086,8.32058240153447,52.5582510516794,0,3.22920896281672,12.5,882.9,490.856383094662,58719,90.552683098238,66.0640625260943,74.7121306792823,22.3,0.15562675733995,2.45515377405784,50.294649780305,6.51943061284346,9.10593654606967,152.139323001809,4.03635321996823,NA,8.5,43.2681619041391,523.154131343212,97.4730763556661,9.30819963515599,217.964646134397,89.7047791359605,7.8,28.125,117.458939585933,21.4823361353771,22.4,66.4474963221746,11.3,14.695239272034,57.914628496955,34.9,11.3,18.1,75.0108982562572,27.3343108478788,5.01661398816759,0.90775778818984,43.2327743796998,20.5185079668708,52,309.51943675389,25.9868421052631,2.654574133,NA,11.6395241862031,82.9853459946048,0.22450834719236,88.764799105062,-15733.94,NA,35.0584989526388,6.15696360377211,61.9755288608935,60.7,59,6.840086295946939,35.23431154299685,99.87217879755597,62.37370449052753,12.09512835623784,NA,130.09009834268744,NA,98.70125636674791
51045,Craig County,10865.7994621511,15.7,8.88811432554897,41.1099691675231,2946,18,37.6,21.2539851222104,NA,NA,3.02375809935205,19.9,3.8492205943,5.7347670250896,NA,5.4088457056,4.45331063829787,246.7,16.402102629,40,4847,16.2574788528987,24.7163193728079,0.51578295853105,0.47452032184856,1.75366205900557,49.3501134722508,100,0,9.3,116.4,NA,62672,63.1578947368421,90.5804480651731,40.3208556149732,23,0,0.4951516401898,10.5306122448979,3.60649075362161,8.04659983744243,61.893955023726,5.11627906976744,0,6.7,95.8531050134103,472.926005749148,NA,NA,20.631318341242,94.0106295993459,8.3,50,111.115520457161,7.43243243243243,66.8,NA,10.5,6.16649537512847,NA,33.8,11.3,17.6,75.8666790158193,NA,NA,0.92658456108041,80.939226519337,6.56108597285068,44,0.71979630262189,NA,3.030446495,NA,NA,88.1215469613259,NA,87.9171461449942,-7502.949,NA,22.8937962726576,3.16455696202531,75.4761904761904,57.5,2,35.23589888018401,20.08439842014315,249.22175808999458,95.56188190086846,182.91795351303352,296.83163580701364,257.12108274855535,371.4151103090975,154.11564038281907
51049,Cumberland County,8903.48871279552,16.4,10.8982468823423,30.9885342423303,3024,17.2,40.5,14.3693453964874,NA,92.5,3.35836462244472,22.4,3.805148977,9.85915492957746,17.5087908720836,5.1734893561,3.4549037037037,495.8,15.922326692,43,9746,19.4028319310486,23.6199466447773,28.8118202339421,0.76954648060742,3.38600451467268,51.0465832136261,93.3023255813953,0.09706643658326,10.5,263.3,51.3030987071619,55257,87.9966887417218,82.204596298556,65.9574468085106,23.8,0.02052123948286,0.57459470552021,23.8798102266736,19.4706014699557,9.38986275309145,10.2606197414323,4.88058151609553,0,7.4,64.3956494972296,433.059977531132,NA,NA,NA,37.6124031007752,7.7,28.5714285714285,83.3909612333726,10.2189781021897,61.4,NA,5.6,3.09885342423303,5.79809407562125,37.5,11,16.8,77.5727299528667,20.3392588374079,NA,0.75816818936085,77.5832305795314,11.0716099542915,42,4.13801048916516,NA,3.192705275,NA,20.0437755594231,76.2762022194821,0.0010161076636,86.0984060984061,-5773.822,NA,22.5799446224007,4.36681222707423,67.0833333333333,60.5,4,25.763749292893493,77.29456764903128,156.090937082535,102.48837120618076,66.98971598013826,348.9347489189345,177.314174329936,470.7040763619623,168.6228994526657
51540,Charlottesville city,6341.78409008091,15.4,9.18941785168071,284.638290418637,1865,14.5,32.4,12.0831881027071,4.24843642366622,93.1870873074101,2.61574882601777,17.4,3.5781715487,6.56614785992218,8.49687284733244,5.2123989474,7.54939324990519,442.3,18.630657163,54,45373,16.0425803892182,13.9642518678509,16.6640953871245,0.41213937804421,6.10715623829149,51.6474555352302,0,1.94165907019143,10.7,406.1,1152.66788618782,67903,57.4796909054884,54.4697929869032,82.3973704454857,21.3,0.08595420183809,7.40528508143609,36.7607810085686,3.98724420292836,8.3483039205326,99.1779251978048,4.8836270684784,NA,7.3,66.5285522226875,324.520393058435,51.0160700620695,4.78697941598851,658.982214092081,100,8.1,18.1818181818181,61.0107446700335,20.0106298166356,12.4,17.8714400091501,11.2,23.646873357856,38.3827024752015,34,10.4,15.9,78.6921140475323,6.77897163000372,NA,0.86706903506282,42.3453436522987,20.6429870546699,63,196.858705512992,22.5,3.091665417,NA,6.42039676935598,88.5346727487058,0.02258426613613,91.9805548001087,2711.677,NA,39.504881963978,11.7886178861788,65.2114193374629,67.1,14,7.227492510073888,42.483022068596334,155.65099262112335,42.03118024363113,71.38933713945491,363.62347845430185,162.74816959485426,431.0146988529645,183.31170339555794
51775,Salem city,8908.76190245784,14.2,8.35238639611317,137.941906751271,2204,15.7,36,9.8314606741573,5.60224089635854,93,2.89810151104223,12.5,3.5591541683,7.69975786924939,6.72268907563025,5.0194971964,4.1648619991646,382.3,18.417344614,49,25523,19.0769110214316,19.6058457077929,8.30623359322963,0.43098381851663,4.27849390745602,51.9217960271128,0,0.5911330049261,8.9,185.8,850.213532891901,63676,39.5630429060279,77.6662890435345,70.465790820679,21,0.05485248599302,1.99819770403165,26.8437832093517,4.75904321646242,7.07917356254337,141.049249696352,3.45171588188348,NA,6.7,82.8154997453277,492.522095879277,40.9466874129882,NA,595.541276495709,86.4278387122228,8.5,20,105.082379880645,11.8481012658227,20.3,39.4664140816165,8.7,15.7647893430024,47.1718886914705,34.4,10.5,16.4,74.4527891608386,14.8997404308377,NA,0.86834505487038,63.97212543554,12.0431211498973,54,113.00145205228,34.3478260869565,3.337052699,NA,17.9458543620357,86.5704330512693,0.03436294877963,93.9229391716249,184.6445,NA,29.3909793328726,18.4287099903006,65.4185463659148,74.2,10,5.529684944372402,19.107565982331714,226.79455986470632,84.80713418958014,172.1632058017452,274.4044375817252,246.366335037267,375.0650622513078,129.83628113576782
51770,Roanoke city,14085.890538946,19.6,11.6977983619676,110.251352854903,2416,20.1,40.9,41.0452075384437,13.3547775639736,82,3.18682886076981,26.4,4.2245725086,10.0030528136766,13.0675780464688,5.6951116083,5.15202519809045,766.7,16.405321184,44,97847,22.2786595398939,18.1344343720298,28.7918893783151,0.41902153361881,7.38193301787484,52.4011977883839,0.0039995600483899996,1.95613770520056,12.1,506.9,416.977526137745,50425,89.0956326358657,76.5743616287094,59.3035474870457,25.9,0.1216184451235,3.31435813055075,43.5271106259097,7.27585792061333,9.61377779440557,76.6502805400267,3.99412889738913,NA,7.4,57.1749772604167,657.253866296465,83.1237921073959,7.84119106699752,346.459268040921,97.9502254751977,7.8,26.0869565217391,152.77070505995,17.9997601630891,24.8,66.6518551433015,11,16.7905730035907,60.6399853108096,36.9,12.6,18.4,71.3851263034128,24.5560290083188,12.0087336244541,0.92739025856885,52.1141895995888,16.3351896048793,52,143.799820981984,19.0217391304347,2.992313545,NA,22.7171059661652,82.3015465121711,0.10282361821412,89.1187915511968,-9931.943,NA,35.8770451165096,7.47049155834454,59.1723007580414,65,30,8.415004899502042,24.57902451391367,235.2675993151333,85.41434740376239,172.77041901592744,282.7283478696068,246.97354825144924,383.5381017017348,122.0666033314535
51079,Greene County,6017.92373340002,14.8,10.7192651521364,23.8458603586417,2237,15.7,34,12.8426772042479,NA,90,2.41065566081981,10.7,3.4786532817,6.0377358490566,12.2441336195099,5.0434104066,3.56390696806401,262.3,17.87851056,50,21107,23.2197849054815,19.183209361823,7.17771355474487,0.53062964893163,7.41460179087506,50.447718766286,100,1.06759739259867,9.1,131.2,94.7552944520775,82772,42.4378453038674,71.8480628966562,59.8324607329843,21.4,0.10423082389728,2.4494243615862,19.5228215767634,6.52245477551301,9.20291970802919,14.2132941678116,5.58238361985706,0,7.1,79.9166153408821,308.891853232589,NA,NA,18.9510588904155,61.7360840794083,8.5,27.2727272727272,78.7566419762932,9.87983978638184,45.2,19.698611247907,7.9,2.861503243037,10.159874342845,35.4,10.4,16.2,78.6492866780021,12.9599537429343,NA,0.87525859953013,78.178021404333,8.39285714285714,55,17.1101652936929,15.6521739130434,2.970165498,NA,15.3977743261973,90.2766901592273,0.01219271215346,89.3181500628755,1511.391,NA,21.1025467549412,4.23728813559322,76.9591836734693,68.6,7,36.8821911979833,63.7352193731717,134.33489159557715,63.283377548206495,91.60567454189851,389.56145809556904,141.3108204839478,453.9737612598283,209.24970573750147
51820,Waynesboro city,10393.5583078002,18,12.0706428197261,84.2572062084257,2310,18.2,39.1,31.892274982282,NA,88,2.99212598425196,18.5,4.0161139937,9.01571546732837,8.95977062987187,5.3475186473,4.8554577543452,456.8,16.560380674,52,22808,22.8034023149772,18.3795159593125,12.1010171869519,0.66204840406874,10.0096457383374,51.8283058575938,2.35177509461164,1.84849063813526,10.9,282.2,153.454928095405,58527,61.5028136378682,78.7831369661266,57.6559546313799,25.2,0.05261311820413,1.73623290073658,36.1462728551336,7.95373507194955,10.0194237617351,118.379515959312,4.83154387263976,NA,6.9,72.4351104875482,523.780389727282,56.8828213879408,NA,65.7663977551736,74.8918724094431,7.4,28.5714285714285,87.7068641695311,15.8124318429661,29.3,30.9182726991652,12.2,17.2949002217294,33.8798519217419,35.7,12,17.7,74.4077173430754,15.060774655374,NA,0.81479306714181,56.8656558159262,18.4103114930182,57,73.6828818881947,24.7826086956521,2.949557731,NA,30.0699388987676,85.5794719541936,0.01033849947025,88.1827963795177,1211.924,NA,30.910519930972,8.42266462480857,64.7357293868922,71.5,7,13.129388878666962,19.51970060848045,172.34989778546176,19.745068940286664,91.96516801895514,354.2724124671556,179.32582667383232,408.87097092852025,182.84370147801974
51678,Lexington city,7174.5106590387,15,7.80682643427741,NA,1990,15.8,36.4,5.62622309197651,NA,NA,4.14041404140414,10.5,3.6688475035,6.42750373692077,NA,5.190514856,4.88021365171628,362.1,20.64783832,48,7457,13.101783559072,14.4428054177283,8.94461579723749,0.40230655759688,3.66098967413168,51.119753251978,0,0,9.9,NA,831.433552366903,62382,47.8260869565217,55.3472987872105,90.8045977011494,21.8,0.05364087434625,2.7490948102454,22.504892367906,1.67297805667144,6.78978815860945,214.563497385007,3.80658436213991,NA,6.6,81.9096151267265,414.644985330815,NA,NA,295.024808904385,100,7.9,NA,65.892430607034,22.5181598062954,16.7,NA,13.1,22.8004291845493,9.29054054054054,34.2,10.7,16.5,76.3242132161483,NA,NA,0.68421052631578,52.7875439477649,12.2188139059304,49,69.9413763673034,NA,3.358121745,NA,NA,85.8864892014063,0.017008033936,96.1983961983962,2914.021,NA,28.0000641210605,34.1880341880342,42.7863777089783,66.2,4,3.880809330217895,40.8039563216444,194.93528677838003,40.352114496679185,127.70807929413179,317.57413813323114,201.9112156667506,374.5969973056384,169.41472178105977
51073,Gloucester County,8294.89372577291,14.1,10.187679021846,46.072333563695,2164,16.1,35.1,13.1259808817235,NA,88,2.71833725811405,11.8,3.6728228704,7.63327948303715,13.6947739221071,5.0870332001,3.60920876837052,256,16.162706916,52,39493,19.8085736712835,20.965740764186,7.60641126275542,0.52920770769503,4.50712784544096,50.5279416605474,72.5711038206194,0.10804678425758,8.9,157.9,210.163826500898,76960,41.4416203335981,84.6984226798721,64.2002415193764,20.7,0.07343073456055,0.93940698351606,21.2590299277605,1.56072595481964,9.0168404170008,35.4493201326817,5.67349926793557,0,7.2,84.098447826197,416.469074553038,45.3021654435082,NA,78.4949231509381,74.7436129265583,9,33.3333333333333,82.7511577205238,10.1757944557133,58.6,22.8318521901015,8.1,8.44659448667741,21.7794558954839,36.7,10.3,16.1,76.5793078000785,12.2004912023849,NA,0.73439034872298,79.114222252137,8.14417388911817,51,23.0366867507825,20,3.243583414,NA,12.9733835084816,87.278723833883,0.00847951611641,89.9441143180532,3147.537,NA,25.939449064449,5.36480686695279,74.7910723275717,69.8,9,9.780057054743619,41.650473957562475,66.80892957648449,30.0306080001404,45.282723309026856,NA,182.63071387089673,NA,65.63808893829517
51735,Poquoson city,7000.49700906424,11.3,6.19553376906318,79.5291872117067,2569,12.5,31.8,3.95541172240201,NA,97.5,2.46120081517479,6.2,3.0754544871,4.76190476190476,NA,4.7522202304,3.48745559709126,206.8,19.022011478,52,12582,22.7308853918296,19.519949133683,1.72468605945,0.56429820378318,3.79113018597997,49.7059291050707,8.884430176565,0.31932773109243,7.6,93.8,87.4264822762676,109549,16.6828793774319,85.3700787401574,74.9826268241834,17.2,0.07153075822603,2.13002702273088,11.595744680851,7.85380378529695,5.46234880998829,63.5828962009219,3.69643441282302,NA,6.9,89.8346844698776,315.536969313318,NA,NA,15.8957240502304,95.7303370786517,8.8,50,66.8351128861358,9.1792656587473,34.9,29.6479974125384,6.1,6.36233497693653,NA,31.2,8.7,14.7,78.4128344702997,16.3012470453989,NA,0.83852764406733,82.0700021473051,9.89947552447552,50,9.08787988626344,NA,3.713230063,NA,22.9465578251749,92.3770667811896,0.01054041050144,96.1586829770207,4471.45,NA,19.3611990981204,7.1556350626118,84.0320855614973,82.7,4,14.977356627912329,39.94402872364066,41.50626244610692,27.02482900080683,57.656492061610706,NA,192.31676925437185,NA,40.33546987538005
51169,Scott County,11226.4001451507,19.1,10.0990268055318,32.6812642980531,3979,22.2,37.2,23.2133541992696,NA,88,3.20971589676859,22.7,4.4638952348,6.72413793103448,17.755098014717,5.8583879558,5.28234226055379,144.7,14.602323172,42,21476,17.9549264295027,25.4283851741478,0.93592847830135,0.32594524119947,1.67163345129446,49.3946731234866,98.308305524657,0,10.6,58.4,144.347178245483,43743,65.3748231966053,85.0665983606557,55.3363038404413,28,0.09312721177127,0.24678711119389,26.066718386346,5.70196511194883,8.5585003232062,13.9690817656919,3.85681875472649,1,7.6,95.855839076178,556.083926215788,NA,NA,83.8144905941516,49.8934000741565,7.4,16,112.949367205799,10.2755453501722,50.5,27.8577398087101,13.7,4.66875204257901,58.0980392156862,35.8,13.2,19.6,73.9007222301952,30.5518780146834,27.2727272727272,0.74662077820179,78.5358678434034,10.227131686732,52,20.664614926849602,17.8947368421052,3.344472435,NA,24.0719065078416,71.1586331749264,0.18679291371758,82.9857027913597,-482.6191,NA,28.5234208901995,11.9760479041916,61.5458663646659,54.6,17,23.545814552693873,24.86734023759395,111.52481495356582,238.18897893147872,325.5451146511743,177.72298407092782,399.748260610163,290.80089238688663,42.235142036399054
51071,Giles County,11253.0401807951,16.4,9.97835274713947,48.3033450066417,3346,19,35.5,25.1046025104602,NA,92,3.14000738825267,16.7,4.0720960766,8.45814977973568,11.9463098702118,5.4708814912,3.7146806745922,181.1,16.466554463,49,16453,19.5405093296055,22.348507870905,1.64711602747219,0.32820762171032,1.96316781134139,49.9848052026986,100,0.54094854698704,9.6,83.8,42.5454324439312,62716,32.8514739229025,85.4577369700243,50.3366549959601,23.4,0.02431167568224,0.59563605421503,15.8239143367043,0.3608224444391,8.60665270993254,36.4675135233696,4.62036492054149,1,7,94.2138211876253,602.352459140744,NA,NA,103.324621649547,83.8922976112468,8.9,27.7777777777777,106.426231076459,10.0521221146686,51.1,24.0264290719791,8.9,10.8682526264943,26.9755046373,34.4,11.7,17.7,72.7875952427702,23.916006983474,NA,0.76782788345088,77.6853473438412,7.86875284824548,33,24.5224611097262,16.25,3.088298246,NA,25.4346892498745,80.4582603619381,0.017027903841,90.4055390702275,1417.667,NA,22.8777345493972,9.45626477541371,69.662239089184,60.7,7,8.724092182627084,55.73208355647461,212.9067560263281,134.49702601050822,221.85309762267335,263.1697238015073,296.0562268581951,318.0154973838499,117.8007579120237
51035,Carroll County,9438.1946687977,18.2,13.3752569839158,92.9496006609749,2623,20.7,37.1,23.2646113107622,NA,93,3.52640940375841,21,4.1995681222,6.93251533742331,15.9026947839161,5.6723465601,4.44556136968695,123.9,15.45426577,43,29147,17.3842934092702,26.2325453734518,0.89546093937626,0.37053556112121,4.65914159261673,49.9262359762582,97.6264791630938,0.60225846925972,10.3,70.6,51.4632723779462,51111,61.5865794711401,83.9471277745448,55.5125399764349,25.4,0.04117061790235,0.29162521014169,23.0992455020313,1.70003954166413,11.6217472118959,27.4470786015713,5.93833269889607,0,7.2,92.8603286787662,457.491441480273,NA,NA,82.341235804714,62.8811524609844,8.3,26.6666666666666,84.9875553936745,10.2595797280593,39,22.4938985300237,11.4,11.7047645276783,NA,35.9,12.7,18.9,75.6643281396699,16.8626101971576,NA,0.9028718084871,78.4284655300222,8.68764793547821,37,14.3729670527703,13.076923076923,3.264463328,NA,21.6587745306415,77.5224446091755,0.03276472397396,83.0155028124571,-536.54,NA,24.4115748077713,8.81410256410256,64.8188780790726,57.5,12,19.930269303803527,56.921872832637085,194.01721657575212,151.56138825906177,239.30179771901516,204.62604407407284,313.50492695453687,355.3971855683352,92.37406226539827
51690,Martinsville city,17859.6011364665,23,10.8860075634792,NA,2891,21.1,44.6,48.2019892884468,13.1061598951507,92.5,4.59293948126801,27.5,4.5279172398,11.8932038834951,20.7514198339886,5.8167336482,5.29473944489089,651,13.915140707,47,13725,26.7249544626593,17.0783242258652,45.8287795992714,0.4735883424408,8.03642987249544,52.3934426229508,0.08157211716722,1.54884829229547,14.5,364.1,488.16029143898,41500,99.1744634012108,73.4174830444612,56.9701041316761,29.9,0.10200364298724,1.04918032786885,48.0081419017156,14.1975695219612,8.54700854700854,NA,3.5127478753541,NA,7.6,42.0692167577413,948.641523216347,NA,NA,386.15664845173,87.5194660734149,6.2,25,172.173103769195,18.6773905272564,19.5,59.855306303024,14.8,29.5923651697862,30.8675984832415,40.6,13.8,19.1,66.6552449719527,27.9199627733829,NA,0.84291687815725,54.5309168443496,22.6230114687384,35,64.5617944805662,20.7142857142857,2.796077449,NA,18.3243741673894,78.8557213930348,0.01210869511915,86.4792203427803,-15060.72,NA,28.5614457831325,11.1336032388663,65.1948051948052,58.8,5,4.534683628810451,40.300278568536484,251.62593051284614,133.27522397227438,201.72675192994117,238.67770650786886,308.07595137443343,426.0678520916026,65.68999385365129
51700,Newport News city,10288.5886101783,19,9.45190723025788,56.8837458759284,2785,18.1,45.7,21.2574991733194,14.4652825314718,90,3.63784168275581,23.7,3.9177088926,10.4310946475546,10.1177932460568,5.4563738072,4.22146544307427,1041.8,17.668548465,47,184306,23.0963723373086,14.1471248901283,41.5265916465009,0.62179201979317,10.324134862674,51.3233427018111,0.37369729445306,1.44487001400698,13.1,597.1,204.551126930213,63350,79.9766117167754,75.4969331813494,67.8379228080557,27,0.26260675181491,3.41334519766041,38.2539348441263,7.1438962093572,7.60578968071417,79.2160862912764,2.89050757312984,NA,7.4,40.4094277994205,510.467869603506,71.0279202398237,6.91110524927459,172.539146853602,99.6010673997433,7.9,37.5,86.5812398433545,18.3730017761989,30,31.4990218724786,10.7,10.2932492537394,36.1707997006926,38.1,11.8,17.2,74.6333598766543,20.6462956549537,8.00113625603636,0.77808606713454,47.6128006360564,16.7008656185027,45,167.182358796734,24.9404761904761,2.926829213,NA,13.1250440708997,85.1547074802888,0.05881442412786,91.7220609156482,-8539.457,NA,28.5572217837411,6.31057020509353,61.4123247818037,65.1,48,9.992117238269449,32.1160257548264,36.47222127789,19.288877372435653,50.76942399584439,NA,185.42970118860552,NA,35.301440701247365
51115,Mathews County,9920.53647746184,14.1,9.29106120651695,35.10414228879,1696,15,36.9,6.71140939597315,NA,87.5,2.8564453125,14.7,3.5741363006,8.67469879518072,NA,4.9711327327,4.22659964678712,163.8,15.069936387,51,8490,15.170789163722,32.7090694935218,7.73851590106007,0.45936395759717,3.19199057714958,50.8127208480565,100,0.35066505441354,9.3,210,47.1142520612485,73827,50.2768549280177,74.3694829760403,68.9119170984456,20.3,0.11778563015312,0.91872791519434,9.21766072811774,0,8.55924978687127,23.5571260306242,6.19658119658119,0,6.8,85.1590106007067,453.640618289606,NA,NA,58.8928150765606,48.3534513066917,9.2,14.2857142857142,89.1897454661879,11.2113402061855,57.7,NA,7.7,17.552071144395,24.1614215992619,32.8,10.2,16,76.2318928255846,NA,NA,0.7953962229359,83.8321753073223,5.48440979955456,54,0.75774700893986,NA,3.401984087,NA,NA,74.2650988776055,0.01121310119135,94.2521631644005,2579.326,NA,21.9702818751947,11.142061281337,78.3994620040349,45.5,3,23.50644057141908,63.039979752684374,87.67687103167394,50.898522158401086,58.08311617705945,NA,196.1990248443889,NA,86.5060166599239
51089,Henry County,14493.4122015053,22.1,11.7743957027752,45.7729660882025,3416,22,41.9,20.4853450992751,7.29067354607145,87,3.43480999370144,20.8,4.5210258703,9.51506245407788,24.1153048062363,5.8557931881,4.6055730809674,340.3,14.219325735,46,49906,18.7432372860978,25.2334388650663,22.1476375586101,0.41277601891556,6.46014507273674,51.4266821624654,65.0643793671979,1.18964166426126,12.6,148.8,24.0452049853725,49370,92.8398576512455,83.7392108508014,51.5209857527916,29.2,0.08015068328457,0.52298320843185,26.6897394136807,14.451128973407,9.84494876334567,70.1318478740031,4.2200908632004,0,7.8,68.7091732457019,629.303834750219,74.6373093249988,9.69131371141421,34.0640403959443,39.422548480804,7,28.5714285714285,151.997283788798,11.8514992860542,27.5,66.8369575287531,11.1,14.9259672026747,21.0733206743524,39.6,13.7,19.1,72.1110234774664,22.8982921032476,NA,0.84479551869762,73.2007250992112,10.4336113557478,38,21.114761110379,16.1702127659574,3.1651215,NA,19.1520707847037,71.6280437019254,0.02695458933358,81.2779279158751,-4197.521,NA,24.0085071906015,6.76818950930626,64.1242937853107,62.8,15,15.276811844918424,43.808714199162566,253.19228594262805,135.5040417147512,205.06519553704112,239.02159899925016,304.96940755564225,423.5894824056149,65.57249937714194
51077,Grayson County,8739.64941286149,20.1,11.0074855810528,13.0216810990298,2027,22,36.7,23.2828870779976,NA,97.5,2.63419483101391,24.7,4.518588458,7.18711276332094,16.5415330325224,5.653949688,4.46030357602264,136.7,14.982532551,42,15343,16.0789936778987,25.9597210454278,6.29603076321449,0.32588150948315,4.26253014403962,47.4353125203676,99.8891280245222,1.11675126903553,11.2,132.1,58.6586717069673,45414,68.8235294117647,81.5857216406384,48.5185185185185,27.6,0.04562341132764,0.26070520758652,24.1573033707865,9.04218792878461,9.41788925698059,19.5528905689891,4.18132082844861,0,6.9,87.4861500358469,456.962067380789,NA,NA,32.5881509483152,66.8427574512489,7.4,44.4444444444444,74.6479960874153,9.07668231611893,39.3,NA,11.8,5.85975649456344,40.3343453061546,38.6,13.5,18.7,75.9802403504127,14.1573785683029,NA,0.9112740651144,80.8230318802862,7.5118966689327,34,3.98817633876086,28.1818181818181,3.188550986,NA,19.5011530306101,77.9115159401431,0.04706679977448,83.0401903305293,-995.5488,NA,27.4739067247985,2.94985250737463,63.2762645914397,55.3,7,17.944995932299186,52.95533471870216,189.2017507089746,176.35902784920674,264.3690199395428,217.52540189199567,338.57214917506457,366.60115558648823,90.49682422285089
51109,Louisa County,9455.69734196409,16.1,10.6140426634424,10.2965403624382,3355,17.4,35.6,15.008254539997,4.6684069450334,89,2.71603755508718,14,3.8183507782,7.33844468784227,24.8981703735114,5.0299938209,4.09534330862816,306.3,16.679239578,48,40116,19.7626882042078,21.2010170505533,14.4032306311696,0.51849636055439,4.16542028118456,49.8055638647921,100,0.49308845120363,10,140.8,47.3626483198723,72569,43.3823529411764,77.6043145046835,59.4031531531531,23.2,0.0697975869977,0.74783128926114,17.1770272046261,0.54425605452194,9.4944112295295,17.4493967494266,6.20300751879699,0,7.7,77.789410708944,417.189416944691,66.899802341493,NA,19.9421677136304,38.7940206404937,9.1,40.9090909090909,99.3541977148534,11.0879388251651,62.3,37.5313124612685,7.9,7.72240527182866,26.0828943367386,35.9,11.1,16.7,76.4918027551583,18.6956823656982,NA,0.84047459893048,79.8524791695123,9.44263686518602,52,4.81989792291288,22.6470588235294,3.083755729,NA,17.4199259991607,81.0476710831853,0.01412191065753,88.6471958430389,1452.549,NA,24.0695062630048,6.4516129032258,76.5223463687151,67.3,6,34.719302694800646,71.0224633301361,126.16239775305749,70.9493655603436,54.55506089768619,392.4417035010682,131.89532774916339,459.93293864552174,212.12990172135852
51091,Highland County,8181.56170675664,15.2,11.9650655021834,134.77088948787,1011,17.7,34.4,NA,NA,NA,2.28734810578985,17.7,3.7794508638,9.24369747899159,NA,5.5102761129,3.60266819391571,0,14.133636573,45,2301,13.0378096479791,37.9400260756193,0.99956540634506,0.26075619295958,1.47761842677096,50.0217296827466,100,0.04574565416285,9.1,0,260.756192959582,54470,71.9101123595505,77.1428571428571,59.0909090909091,22.2,0,0.82572794437201,11.8055555555555,34.4486780277204,11.0175438596491,86.9187309865276,6.77966101694915,0,5.8,96.045197740113,325.012577306583,NA,NA,86.9187309865276,63.0376344086022,5.1,66.6666666666666,NA,4.56852791878172,33.1,NA,10.5,0,NA,33.3,11,17.2,78.6161519927034,NA,NA,0.68354430379746,86.3905325443787,2.23880597014925,47,1.57740671081516,NA,NA,NA,NA,74.65483234714,NA,90.034965034965,3339.697,NA,32.0671929502478,12.6582278481012,80.8970976253298,46.7,2,45.56808413554219,68.01114366268627,214.1333862050816,67.99005619085031,156.8265912733498,395.8423296572299,221.10931509345215,400.9042047769983,247.68290560968194
51530,Buena Vista city,13547.7170373633,20.7,10.7862617087709,NA,3072,22,38.4,11.0192837465564,NA,97.5,3.07742144476838,20.5,4.517558433,7.96296296296296,24.3821345450515,5.8610124547,4.10663710808487,363.6,16.103363972,42,6591,20.9376422394173,18.9804278561675,4.97648308299195,1.15308754362008,3.59581247155211,52.6930663025337,2.18340611353711,0,11.4,125,75.8610226065847,51030,67.5310033821871,80.5955497382199,53.5767511177347,27.9,0.57654377181004,0.60688818085267,37.1549893842887,49.9402168909182,8.79705400981996,75.8610226065847,3.77622377622377,NA,6.6,86.6029434076771,655.864837495242,NA,NA,15.1722045213169,100,2.5,NA,87.3771259166796,19.3227091633466,13.1,NA,14.8,10.6044538706256,1.06989436564874,36.9,14,20,71.624446099674,NA,NA,0.70484633803653,57.7401129943502,14.7323340471092,42,37.0270717738968,NA,3.061161666,NA,NA,83.7664783427495,0.01897672149583,81.2624254473161,-4543.873,NA,34.2288849696257,8.74635568513119,54.5919370698131,69,5,14.267093238655647,43.51054606421035,197.64187652094597,43.05870423924514,130.41466903669775,320.5633619719435,204.61780540931653,379.52771009124984,165.10466362018332
51021,Bland County,9465.16037553125,16.4,8.62286797220467,NA,2905,19.2,35.9,14.7835269271383,NA,92.5,2.88976097038886,16.7,3.879996365,10.1010101010101,NA,5.3430960559,3.47979572294925,113.4,17.120112083,41,6148,14.2810670136629,25.3903708523097,4.18022121014964,0.19518542615484,1.07351984385165,44.5022771633051,100,0,9.7,143.8,81.3272608978529,55722,48.817802503477,80.764163372859,41.7624521072797,23.6,0.01626545217957,0.56929082628497,17.578947368421,5.19611472628966,7.6221016280217,48.7963565387117,4.44444444444444,0,6.8,93.0058555627846,516.506895681287,NA,NA,292.77813923227,89.9521531100478,8.2,0,98.9309079304292,8.38709677419355,32.6,NA,9.8,9.71974728657055,NA,36.1,11.5,17.2,75.743079398336,NA,NA,1.06865954174389,85.1901565995525,7.92416140009723,41,12.0020791694147,NA,3.176510484,NA,NA,63.6241610738255,0.04248560808044,91.9519519519519,150.0967,NA,22.391515020997,7.60456273764258,65.6415094339622,52.2,2,19.804904687968957,43.019124038675955,179.67756022136305,156.25008931851224,243.60616093067733,241.81990545637524,317.80929016619905,309.5312169325899,84.57155653484119
51600,Fairfax city,7970.98209186449,11.9,10.0074379606464,8.23858955346844,1658,10.2,28.6,10.6244579358196,NA,NA,2.44411787454559,6.5,2.9507073208,6.18744313011829,NA,4.3470793694,4.67844467229276,313.1,17.710276153,38,24835,25.0533521240185,14.318502113952,5.97141131467686,0.82947453191061,18.820213408496,50.6663982283068,0,5.65298673551144,9,410.8,1997.18139722166,122790,30.4588607594936,61.6085915166499,82.4612108305445,18.6,0.20132876988121,20.0563720555667,13.5593220338983,1.58965251539558,8.73758036236119,NA,5.5667001003009,NA,8.4,51.9146366015703,408.598957524367,43.8929013207773,NA,209.381920676464,100,9.3,0,85.5517255699987,16.0571428571428,51,27.8846690089788,6.5,25.9515570934256,45.5253780645188,31.7,8.2,13.3,75.7497229313617,10.7977906059221,NA,0.79712963721234,68.2550115018074,16.3463712412389,54,261.690936227273,NA,2.796009738,NA,25.7879796506587,96.3961003395772,0.01140325588489,92.2322960058809,NA,NA,32.0066780682466,11.3186191284663,86.1789137380191,77.3,5,11.920000838950592,15.531208326725434,42.47568859160422,133.57030574800058,79.42763502395638,NA,49.451617479974836,84.83954785609667,NA
51580,Covington city,15887.5349925526,19.7,9.10220565392979,52.4750743396886,2624,21.6,39.9,17.4152153987167,NA,82.5,4.12505427702996,23.8,4.3606778655,11.7521367521367,25.6009830777501,5.7865724741,3.88705627705627,349.8,15.68462492,47,5679,23.1378763866878,19.3519985913012,12.6078534953336,0.40500088043669,3.02870223630921,51.3646768797323,0.64493637789785,0.26056206960729,11.5,313.3,334.565944708575,46592,69.3665628245067,90.1372212692967,40.302613480055,27.7,0.05282620179609,0.91565416446557,24.3579766536965,10.8305618645757,7.46268656716418,52.8262017960908,3.30082520630157,NA,6.6,80.0669131889417,791.586975865218,NA,NA,140.869871456242,100,7.5,0,147.032454724762,5.04201680672268,17.5,NA,10.5,31.4850446038131,49.4808707890033,37,13.1,19,69.3212367191808,NA,NA,0.81342792801769,75.229724330803,9.92725716730851,48,70.5452618266459,50,2.947151504,NA,NA,80.623252097483,9.1006457836e-4,88.6244049110498,-8770.947,NA,30.7949862637362,8.8235294117647,59.4971428571428,62.6,2,12.608394500902254,62.12583415254289,228.24040267015133,73.65714190517463,161.0131987544516,335.5468403240395,235.2163315585219,337.1288166619628,187.38742397186832
51510,Alexandria city,4555.46460302966,12,10.0701275474184,80.1520303026385,2384,9.7,30.5,15.8738234545917,2.90184684415087,82,2.36219692240619,13.4,2.7376689387,6.7411202579011,4.62481840786545,4.5483323011,4.15055699962866,471.2,19.287928711,39,155525,17.9347371805176,13.2178106413759,22.2858061404918,0.62883780742645,16.7645073139366,51.3628034078122,0,4.65859240892618,9,845.7,453.946310882494,110115,58.4704743465634,52.4836314235809,86.600807239112,16.6,0.19482398328243,6.43690724963832,20.7015082427218,NA,9.00525592785044,91.9466323742163,5.01412183130513,NA,8.5,51.4772544606976,235.660976743794,47.7427394622063,3.56486381106221,106.735251567272,100,NA,24,40.3314743044396,16.7274512554355,44.7,14.8035359302964,8,21.3954209920752,40.2330721721492,33.7,8.1,13.2,82.5036735060138,5.41954185965907,5.40782122905028,0.94988296996229,42.6809056644123,14.5347735455751,51,597.21226974014,14.9019607843137,2.962606665,NA,8.92825430941732,93.5884412841829,0.06014268381451,93.6850813493887,-2826.865,NA,37.9575897924896,8.85915747604411,76.1720588914016,72.5,20,9.083809058342084,18.953323629135728,28.767533834989052,150.93466227348716,77.77997213044253,NA,34.43928470324772,83.19188496258282,NA
51590,Danville city,16344.0167661913,23.6,10.9406006085461,111.334833589956,2875,22.1,45,35.064935064935,25.0059910186815,75,4.64383049217121,35.3,4.4017940881,14.3808658795034,18.0598824023811,5.5653029126,5.25743871249454,750.9,12.654910423,51,42229,22.0511970446849,21.3928816689952,51.9950744748869,0.46887210210992,5.32809206943096,53.8800350470056,3.22610941535571,1.38185627696989,14.7,505.6,393.094792678017,40799,94.8737278552582,78.234635481463,47.2429812159159,31.9,0.08761751403064,1.36162352885457,52.3170993349066,7.07954381937462,8.83325911317514,118.402045987354,3.45983349551302,NA,8,39.5628596462146,737.009200574433,118.134975493276,15.7147174372922,251.012337493191,92.0873444470533,7.2,18.5185185185185,135.816936421003,17.2460990966329,17.2,36.0277741386086,13.7,19.1874925974179,28.3803719090258,41.6,13.9,19.1,69.3558398207832,30.889772543405,NA,0.75684449072089,49.485470541189,17.5153425111958,49,78.1470803142718,58.2051282051282,2.542529854,NA,13.9639143384964,74.3321780858437,0.04062312260044,84.4243102921714,-18717.63,NA,36.6969778671045,8.83466554480437,62.9847847199741,58.1,17,5.192061256445915,7.71581975156206,219.8251194970627,104.42796152559696,169.9259409141577,229.75476752588995,285.78289976942773,455.2375117961736,49.44297049922127
51037,Charlotte County,14007.032414348,20.2,11.9351283262478,52.4109014675052,3476,21.2,42.4,19.5744680851063,NA,87.5,3.00214438884917,24.7,4.3253697609,10.4366347177848,41.8986053749925,5.6605964715,5.40118216012896,419.3,14.501516866,35,11475,21.6209150326797,22.8148148148148,26.2657952069716,0.57516339869281,2.7363834422657898,50.1176470588235,100,0.13697379234773,12.2,164.2,61.0021786492374,50151,60.0470035252644,80.7361692748512,57.6724137931034,27.9,0.03485838779956,0.34858387799564,35.8226371061843,14.6033202723433,10.3368977808439,34.8583877995642,6.04953308972797,0,7.6,68.5751633986928,596.025498570881,NA,NA,43.5729847494553,16.4368115187787,6.7,35.7142857142857,150.325141457647,13.4436401240951,52.7,54.0571298509161,12.5,12.2292103424178,13.6781018722561,38.9,13.1,18.7,71.8395237692599,20.2685583987838,NA,0.76310335808132,69.0969162995594,12.9071760960078,39,2.37319488769745,NA,3.248327346,NA,33.040707280361,70.1982378854625,0.01512105096727,84.4861417709099,-5879.627,NA,24.8788658252078,4.04040404040404,66.677436725902,55.3,6,34.89523930512803,76.78211920745792,179.05356160112095,123.60648289584606,102.68577247163806,299.2840994695631,218.5426881538674,480.9457884163351,118.97235444968287
51683,Manassas city,8388.14603674282,15.8,16.8233012605355,96.0007492741407,2822,13.2,34.7,36.6737264519005,NA,74,2.62239368053641,13.9,3.3314872954,7.6742364917776,10.6510542825827,4.5565841391,3.44053285968028,526.8,18.160541068,32,42642,26.1127526851461,11.3831433797664,13.568781952066,1.36954176633366,40.0004690211528,49.122930444163,0,13.2770588085733,10.5,300.7,368.181604990385,97722,62.152466367713,72.2507526120063,54.9390098062664,22.7,0.2415458937198,7.1760236386661,15.0904715215259,1.81376281570352,14.1459145516747,121.945499742038,7.68758227292672,NA,8.1,36.58834013414,384.546266339559,45.9895060308965,4.07925407925408,272.032268655316,100,9.7,33.3333333333333,66.4087313044984,18.828932261768,52.5,38.5041151273042,4.7,9.83422309637538,13.6993957430072,34.7,10,14.4,76.385032820481,7.69956304979692,NA,0.77529712318116,73.9595375722543,13.7933552391383,47,107.696433027607,19.5555555555555,2.893576953,NA,9.64241808673456,95.5491329479768,0.0545026417921,85.831407107772307,-5858.359,NA,31.2805714168764,7.56658595641646,69.8683127572016,71.9,12,8.488895327033061,37.89611052030964,63.22574957686016,127.24866193835507,99.42290373173418,NA,70.20167846523078,105.58960884135257,NA
51570,Colonial Heights city,12686.8552318992,14.8,8.97239263803681,125.868768127838,3524,15.6,37.8,22.8586442459274,8.05782293739877,91,3.22769266752426,14.2,3.5607853139,8.3993660855784409,15.3098635810576,5.205607304,3.88715036549266,498,17.042786858,39,18294,24.324915272767,18.7329178965781,18.7219853503881,0.75981196020553,8.23767355417076,53.2087023067672,0,1.54787828850567,9.3,270.3,240.516016180168,68456,59.9425699928212,82.4121779859484,66.2077596996245,22.4,0.19678583142013,3.64600415436755,41.8319169027384,5.18612218359816,7.57142857142857,235.049743085164,4.24865831842576,NA,8.1,66.2184322728763,634.898782760184,54.8757065247215,NA,256.914835465179,76.8079251513484,8.4,20,114.110110607721,14.1649048625792,37.1,39.7366030881017,9.1,12.0396212991845,32.6675763051214,36.4,10.4,16.3,72.5289709898209,20.3364553558314,NA,0.79845591871241,66.4345769837099,12.4293024508483,47,196.779593549348,77.2222222222222,3.086170339,NA,23.2057143081339,85.0367840252233,0.01403839869637,91.4654290883347,-862.6836,NA,36.451151104359,6.5359477124183,70.4886494805694,70.6,6,16.436619509318962,14.315546736477762,102.01829704562199,74.4050589265436,33.0506510634776,NA,151.81432599811365,NA,100.84752805797761
51061,Fauquier County,6356.40448742821,12.6,9.24020934849305,44.7063604958341,2451,12.9,33.8,8.09491441636285,3.64085770516738,95,2.5579303777378,7.1,3.2436719419,5.92521572387344,13.3498115856137,4.8066364209,3.73042616451932,215.4,18.177427934,36,74664,22.9159969998928,17.7260795028393,7.21097182042215,0.62680810028929,11.4111218257794,49.8325833065466,57.4562846023132,2.25331348374694,8.3,154.8,117.861352191149,120301,27.6674025018395,75.6175026905005,68.3639545056868,18.9,0.14196935604843,1.90587163827279,15.8363829536064,1.1543856113402,8.18520385760054,52.2340083574413,5.62818524263239,0,7.9,76.5040715739848,314.083629984912,45.1714461706933,4.02530189764232,68.3060109289617,56.5806062599353,9.5,25.3968253968254,70.9601781577279,10.9079829372333,59.6,23.105573988669,5.8,11.379800853485,26.0588627301074,33.2,9.2,15.2,79.4791588837741,11.2190004992455,NA,0.76837340141361,77.4979816231594,10.3998416468725,52,45.3358000485175,12.4358974358974,3.173752495,NA,13.2345112096108,90.592441659298,0.0406882266839,92.2374247870206,3614.251,NA,16.5942095244428,10.2840352595494,84.9795680093403,74.3,22,15.68484752790393,52.77203774545165,78.00767815506013,114.54699264018079,98.0776262968831,NA,84.92710709378235,120.46553014350881,NA
51065,Fluvanna County,6629.03484049671,13,8.65025138584504,21.6426793637052,2053,13.5,37.2,9.80392156862745,NA,94,2.56356229807557,9.2,3.3669688099,7.24719101123595,20.7274814515614,4.9346301807,3.70312986422088,241.7,16.936858655,54,28159,19.1768173585709,21.7088675023971,14.3826130189282,0.47942043396427,4.71962782769274,53.2085656450868,63.9436309589342,0.33007100364613,8.6,183,110.089136688092,88162,42.7450980392156,75.6836827711941,67.8686684439455,20,0.11719166163571,0.93043076813807,16.0582595870206,3.15770546319036,7.54662703169199,10.6537874214283,4.46460334400569,0,7.4,76.8848325579743,312.742721797695,NA,NA,42.6151496857132,51.847774230247,9.5,21.0526315789473,75.9307040176926,10.4867034621174,58.8,12.1337135230237,5,6.49280380911157,26.1320979030106,34.9,9.5,15.8,79.6876402024555,12.5322521194249,NA,0.86286574151479,88.4158901422266,7.95442882069178,59,4.20503239228528,10.3846153846153,3.375327643,NA,16.4806671477925,89.435998038254,0.00313541045137,93.2855731225296,2276.334,NA,19.8123908259794,7.16204118173679,74.6924345981616,76.7,6,27.704642078062342,64.18661158466543,150.9145727819939,63.734769759700214,61.90896961172284,377.98504457963907,160.56882483289672,452.7183668178152,197.67337660776244
51685,Manassas Park city,5425.99436519049,18,17.4768316139185,NA,NA,14.1,37,NA,NA,83,2.52803261977573,15.3,3.6506304771,8.0188679245283,NA,4.5661999142,2.96433289299867,629.3,17.62177785,NA,16703,22.4151350056876,10.0041908639166,13.5065557085553,1.88588876249775,44.3034185475663,48.5481650002993,0,10.4791170199423,11.8,232.3,NA,90816,68.7571265678449,71.0639606396064,43.9041214002414,26.1,0.32329521642818,11.6386277914147,22.914162058187,10.1722889664854,15.242193102549,NA,8.75182837640175,NA,8.1,28.1446446746093,235.919152803598,NA,NA,NA,100,8.8,0,26.6259174365029,16.6485310119695,59.7,20.9587683865559,4.7,4.70532878484884,35.7643940459296,35.4,10.7,14.9,85.3448305757436,NA,NA,0.92379069059933006,63.4169699291323,16.2146454862456,NA,94.3004045164231,14.5,3.047095763,NA,NA,95.0201110898295,0.00126165942724,80.1159827783147,-7768.725,NA,42.5894115574348,2.615518744551,59.9212598425196,73.2,4,14.916811703325433,34.63077002609388,59.96040908264439,135.2566881929943,96.91235551499653,NA,66.936337971015,102.32426834713681,NA
51730,Petersburg city,23389.5834974192,24.6,11.0534162767981,65.8111220796314,4020,20.7,46,65.0512581547064,46.2096842936423,81,5.63814644947018,33.3,4.3865035473,11.854103343465,21.5346101562605,5.8555497839,5.19723242994947,1295.3,12.089644675,42,33394,23.5970533628795,17.1168473378451,75.6842546565251,0.52404623585075,5.68964484637958,54.8661436186141,2.70787255663817,1.639770107478,16.5,1164.7,548.002635203928,42385,94.6625179511728,72.3503914988814,53.9504132231405,31.4,0.2096184943403,1.06905432113553,57.8063106133042,26.7627376431163,9.03555219364599,77.8582978978259,3.48231423087469,NA,8,15.0266514942804,1041.22845376201,152.731290416923,11.002444987775,185.662094987123,93.6636977703389,5,27.2727272727272,184.182971905789,25.0944822373393,34.6,98.7177198307096,14.5,14.6579317359179,28.0717847217054,44.4,13.6,18.7,64.9222788467202,50.4610881933669,NA,0.78251653053286,37.4277358362239,23.4625105307497,40,204.987715088741,20,2.845927535,NA,15.4860850907769,80.1537101271849,0.02150423884137,86.43409160372,-19916.24,NA,30.9071605520821,7.80608052588332,59.3324937027707,48.9,9,11.726033989870226,7.065745617115933,97.97743829026015,76.85956446578136,37.446978889092996,NA,156.210653823729,NA,96.80666930261577
51197,Wythe County,10797.2011840516,16.8,9.78860015748985,42.5864149336361,2999,19.3,39.6,26.5768294965375,NA,91,3.05797409216394,18.2,4.131653741,9.08639523336643,18.3848191082865,5.6750375938,4.71116117525579,170.3,17.409518513,38,28111,19.2664793141474,22.436057059514,2.61107751414037,0.22411155775319,1.6399274305432,50.4926896944256,74.7119123365146,0.56879437897319,9.9,118.7,252.570168261534,47257,52.36354139462,83.8262701563892,60.5459450880812,24.3,0.02490128419479,0.61897477855643,22.9036982790186,4.43861755037482,8.42475772536112,35.5732631354274,4.35165609584214,1,6.9,93.3335704884209,550.688599905212,48.7983408564108,NA,149.407705168795,71.3008130081301,7.9,17.6470588235294,88.7379644768652,8.79386849536103,29.2,21.0570646451884,11.9,9.2270565689545,55.4185470812273,34.5,12,18.3,73.6769186048204,18.1668273732165,NA,0.78869916655386,75.2897617514488,10.4940932999913,38,29.723973308949,28.8461538461538,3.427066605,NA,24.6207736347242,80.0225370251126,0.06933743660159,90.1362345352139,-657.8516,NA,26.4024377340923,7.40192450037009,66.1676909569798,64.4,14,13.587705380080704,29.009058803142977,165.66327943402771,144.3740295622145,231.73010117437966,223.94338380999943,305.9332304099014,334.47064856484326,70.56149521277733
51043,Clarke County,7294.04201969516,12.9,8.13325674899483,33.599892480344,2919,14.1,33.8,9.17141049968374,NA,97.5,2.54975933394041,8.2,3.3139196771,5.30222693531283,17.6661105113357,4.8145253512,3.7853194637883,147.8,17.621931061,37,15266,19.1733263461286,23.1560330145421,4.05476221669068,0.72055548277217,7.8213022402725,50.4716363159963,100,0.7177700348432,8.5,200.2,65.5050438883794,106914,22.3131478450627,74.5317342676189,69.168428470754,19.8,0.1048080702214,1.48041399187737,16.571224051539,0.05965395448244,7.3748599982769,32.7525219441897,5.20117762512267,1,7.6,84.0298703000131,340.060127270487,NA,NA,32.7525219441897,74.2812690252317,9.4,26.3157894736842,97.0568534441513,14.0597539543058,58.7,29.4637595757218,7.1,15.4559505409582,29.0778938943015,31.2,9.6,15.5,77.933969286168,16.4039752299974,NA,0.86822208755374,77.9063557058928,10.735294117647,53,18.1003804035928,13.3333333333333,3.016397395,NA,20.1657301835494,85.9889620794018,0.00481040354154,93.7087307410124,3068.414,NA,17.5047234225639,10.1522842639593,81.7600700525394,69.7,4,24.313104951645983,68.39028516436379,93.81434324452661,101.0824718687829,106.97893448213411,NA,100.79027213289723,101.81615164610506,NA
